Partner name,Offer Reference,Country,*Currency,Status,*For LPM,*Payment fee %,*Type of Risk,*Type of traffic,*FIAT Settlement currency,*FIAT Settlement Cost,FX Source,FX - Settlement,*Settlement Delays (per currency),*Refund,Payments limit,Disbursement limit,Closed GEO,8B Lead,Minimum monthly fee,*Pay in / out,Setup fee,Taxation,Netting fee/topup fee,"Netting latency ",8B legal entity,*Fix transaction fee,*Min transaction fee,"CRYPTO Settlement currency ","CRYPTO Settlement Cost ",Special payment terms,"Disbursement fix fee ",Min disbursement fee,"Limit per settlement request ",Disbursement fee%
"ZipZopay (https://www.notion.so/ZipZopay-c7c0e08249f444d3ae79a75016785e0d?pvs=21), Oy! (https://www.notion.so/Oy-0ab1ab2934124192abedf79eef88509a?pvs=21)",ZipZopay- September 2024 - UPI Intent MSC,🇮🇳 India (https://www.notion.so/India-506e71755d364655868088737e78b6a0?pvs=21),INR,Live,UPI Intent (mscd) (https://www.notion.so/UPI-Intent-mscd-07ff113f889643eaad241aed5ae5c73a?pvs=21),Trusted 5%,High risk,Trusted,USDt,,Binance P2P,1%,T+0,2.25%,500.00 INR - 20 000.00 INR,10.00 INR - 50 000.00 INR,,,,Both,,,,,,,,,,,,,,Trusted 2.25%
Klyme (ex Boodil) (https://www.notion.so/Klyme-ex-Boodil-13c0f23639648073a4bde5d0191d43a6?pvs=21),Klyme - November 2024 - PayByBank EU,Europe (https://www.notion.so/Europe-1580f23639648077ba18f728f43741fd?pvs=21),EUR,Upcoming (ready to sell),Pay by Bank (https://www.notion.so/Pay-by-Bank-6fb1e17470a54d05a3cfc04bbd3dbec5?pvs=21),"1% + 0.20 EUR (0,03 EUR per declined transaction)",High risk,"FTD, Trusted",EUR,,,,Instant,,"min EUR 10.00, max EUR 15,000.00",,,Anna Ivanova,EUR 50.00 as a Monthly minimum fee which is only charged if transaction fees do not meet EUR 50.00,Payments,,Taxes are not included,,,GFI,,,,,,,,no,
Atompay (https://www.notion.so/Atompay-1850f236396480c285cfd577ec47560b?pvs=21),Atompay- January 2025 - UPI Intent,🇮🇳 India (https://www.notion.so/India-506e71755d364655868088737e78b6a0?pvs=21),INR,Upcoming (ready to sell),UPI Intent (mscd) (https://www.notion.so/UPI-Intent-mscd-07ff113f889643eaad241aed5ae5c73a?pvs=21),5.5%,High risk,Trusted,USDT,,Binance,0,T+1,500 INR,,,,,,Both,,,,,,,,,,,,,,Trusted 3%
Halyk (https://www.notion.so/Halyk-14b0f2363964801a958fe90d5446c7f2?pvs=21),Halyk_jan 2025_Ecom_KZ,🇰🇿 Kazakhstan (https://www.notion.so/Kazakhstan-a729cd06e99a4cd9af1f68eb294c768c?pvs=21),KZT,Upcoming (ready to sell),"Visa/MC - Kazakhstan (https://www.notion.so/Visa-MC-Kazakhstan-1120f236396480ccb13cea03975d824d?pvs=21), DinersClub (https://www.notion.so/DinersClub-1850f23639648071ac84c8eaec80afad?pvs=21), AMEX (https://www.notion.so/AMEX-1850f23639648026b32ec9b9fc6f2821?pvs=21), CUP (https://www.notion.so/CUP-1850f236396480c3ba2ad50e15c75cff?pvs=21)","General MCC
карты Виза/МС, CUP выпущенные в банком Халык - 2,5%
карты Виза/МС, CUP других банков 3%
AMEX, DC, Discover, JCB - 4%
МСС 7995 - 3,5%

",Low risk,,KZT,,,,,,,,,Oxana Ter,,Both,,,,,,,,,,,,,,0.8% min 120 kzt
Payzland (https://www.notion.so/Payzland-125eb0bd3104446182408b261305b8d8?pvs=21),Payzland- January 2025 - UPI Intent,🇮🇳 India (https://www.notion.so/India-506e71755d364655868088737e78b6a0?pvs=21),INR,Upcoming (ready to sell),UPI Intent (mscd) (https://www.notion.so/UPI-Intent-mscd-07ff113f889643eaad241aed5ae5c73a?pvs=21),5.80%,High risk,Trusted,USDT,,binance,1.00%,T+1,2.75%,Payin Min -100 INR; Payin max -10000 INR;,Payout min -500 INR; Payout max -50000 INR;,,Bogdan Zadorozhny,,Payments,,Included,,,,,,,,,,,,Trusted 2.30%
PagSmile (https://www.notion.so/PagSmile-222c7b6d15e44541a7920371d96e6357?pvs=21),PagSmile - May 2024 - Brazil - OpenFinance,🇧🇷 Brazil (https://www.notion.so/Brazil-fe60a68478f749fcacf9a9d1d87a8ab7?pvs=21),BRL,Live,OpenFinance (https://www.notion.so/OpenFinance-3ba5f62935fe4d588c53fadb7e2dbc0b?pvs=21),"0.68% ",High risk,Both,"USD, EUR",USD/EUR 50.00,xe.com,2.00%,"T+7 = EUR / USD
T+3 = USDT",USD 1.00,"0.1~20,000","0.1~20,000",,Anna Ivanova,,Both,,Included,1%,T+1,"DPS, GFI",no,BRL 0.20,USDT,1% + 50 USDT,,,,,0.68%
PagSmile (https://www.notion.so/PagSmile-222c7b6d15e44541a7920371d96e6357?pvs=21),PagSmile - May 2024 - Brazil - Lottery,🇧🇷 Brazil (https://www.notion.so/Brazil-fe60a68478f749fcacf9a9d1d87a8ab7?pvs=21),BRL,Live,Lottery (https://www.notion.so/Lottery-1830f2363964805cb39ad8e5fbad944a?pvs=21),1.50%,High risk,Both,"USD, EUR",USD/EUR 50.00,xe.com,2.00%,"T+7 = EUR / USD
T+3 = USDT",USD 1.00,"4~2,000",,,Anna Ivanova,,Payments,,Included,1%,T+1,"DPS, GFI",no," BRL 1.00",USDT,1% + 50 USDT,,,,,
PagSmile (https://www.notion.so/PagSmile-222c7b6d15e44541a7920371d96e6357?pvs=21),PagSmile - May 2024 - Brazil - MercadoPago,🇧🇷 Brazil (https://www.notion.so/Brazil-fe60a68478f749fcacf9a9d1d87a8ab7?pvs=21),BRL,Live,MercadoPago (https://www.notion.so/MercadoPago-1830f23639648075aa27fe8224c50482?pvs=21),3.88%,Low risk,Both,"USD, EUR",USD/EUR 50.00,xe.com,2.00%,"T+7 = EUR / USD
T+3 = USDT",USD 1.00,"0.01~10,000",,,Anna Ivanova,,Payments,,Included,1%,T+1,"DPS, GFI",no,,USDT,1% + 50 USDT,,,,,
PagSmile (https://www.notion.so/PagSmile-222c7b6d15e44541a7920371d96e6357?pvs=21),PagSmile - May 2024 - Brazil - PicPay,🇧🇷 Brazil (https://www.notion.so/Brazil-fe60a68478f749fcacf9a9d1d87a8ab7?pvs=21),BRL,Live,PicPay (https://www.notion.so/PicPay-1460f23639648043aff4f2744ef64ebb?pvs=21),3.88%,High risk,Both,"USD, EUR",USD/EUR 50.00,xe.com,2.00%,"T+7 = EUR / USD
T+3 = USDT",USD 1.00,"0.01~10,000",,,Anna Ivanova,,Payments,,Included,1%,T+1,"DPS, GFI",no,,USDT,1% + 50 USDT,,,,,
PagSmile (https://www.notion.so/PagSmile-222c7b6d15e44541a7920371d96e6357?pvs=21),PagSmile - May 2024 - Brazil - Boleto,🇧🇷 Brazil (https://www.notion.so/Brazil-fe60a68478f749fcacf9a9d1d87a8ab7?pvs=21),BRL,Live,Boleto Bancário (https://www.notion.so/Boleto-Banc-rio-ae8fb9cbbfd34f80b71d42e57e4db37e?pvs=21),"0.63% ",High risk,Both,"USD, EUR",USD/EUR 50.00,xe.com,2.00%,"T+7 = EUR / USD
T+3 = USDT",USD 1.00,"5~15,000",,,Anna Ivanova,,Payments,,Included,1%,T+1,"DPS, GFI",no,BRL 2.00,USDT,1% + 50 USDT,,,,,
PagSmile (https://www.notion.so/PagSmile-222c7b6d15e44541a7920371d96e6357?pvs=21),PagSmile - May 2024 - Brazil - PIX,🇧🇷 Brazil (https://www.notion.so/Brazil-fe60a68478f749fcacf9a9d1d87a8ab7?pvs=21),BRL,Live,PIX (https://www.notion.so/PIX-1e399abafc874140b30c6c8e13750b09?pvs=21),"0.68% ",High risk,Both,"USD, EUR",USD/EUR 50.00,xe.com,2.00%,"T+7 = EUR / USD
T+3 = USDT",USD 1.00,"0.1~50,000","0.1~50,000",,Anna Ivanova,,Both,,Included,1%,T+1,"DPS, GFI",no,BRL 0.20,USDT,1% + 50 USDT,,,,,0.68%
UBANKCONNECT (https://www.notion.so/UBANKCONNECT-1510f23639648039a3d4d3f26c42f23f?pvs=21),UBANK - November 2024 - Ivory Cost,🇨🇮 Cote d’Ivoire (Ivory Coast) (https://www.notion.so/Cote-d-Ivoire-Ivory-Coast-0748091dad854b8982ebb74f457daca8?pvs=21),XOF,Upcoming (ready to sell),"MTN (https://www.notion.so/MTN-c7871bdf09c343389cfb7c9cb858c97a?pvs=21), Orange (https://www.notion.so/Orange-c65ed302b87f414298e9b8081262370f?pvs=21)","3.50% ","Binary, Forex, High risk, iGaming",Both,"USDT, XOF",1.00% (USDT only),"exchange rate based on the liquidity provider
",,T+2,,"Min: 300 XOF Max: 2,000,000 XOF   ","● Min: 300 XOF 
● Max: 2,000,000 XOF",,Anna Ivanova,,Both,,,,,,,,,,,,,"Min: 5,000 USDT Max: No limit    ",3.30%
UBANKCONNECT (https://www.notion.so/UBANKCONNECT-1510f23639648039a3d4d3f26c42f23f?pvs=21),UBANK - November 2024 - Pakistan - EasyPaisa/JazzCash,🇵🇰 Pakistan (https://www.notion.so/Pakistan-1891bf585491474cb04fbefc759f1a03?pvs=21),PKR,Upcoming (ready to sell),"Easypaisa (https://www.notion.so/Easypaisa-14d0f236396480db8491e4bec7821dc1?pvs=21), JazzCash (https://www.notion.so/JazzCash-1580f236396480628799c250606e0bf0?pvs=21)","4.00% (P2P forex and binary), 7.50% (P2C, igaming)","Binary, Forex, High risk, iGaming","Both, P2C, P2P",USDT,"1.00 %  ",Binance P2P rate,,"P2P: 
FOREX & BINARY: T+0 
P2C: 
GAMING: T+1 / T+3
FOREX, & BINARY: T+1
","P2C: GAMING, FOREX, & BINARY: 3 PKR","FOREX & BINARY (P2P): 
•  Min: 1,000 PKR up to 5,000 PKR 
•  Max: 50,000 PKR up to 800,000 PKR
 
GAMING (P2C): 
•  Min: 1 PKR 
•  Max: 1,000,000 PKR ","Min: 2,000 PKR 
Max: 800,000 PKR   ",,Anna Ivanova,,Both,,,,,,,,,,,,,"Min : 1,000 USDT 
Max Request Amount: No Limit ",3.00% (Forex and Binary)
UBANKCONNECT (https://www.notion.so/UBANKCONNECT-1510f23639648039a3d4d3f26c42f23f?pvs=21),UBANK - November 2024 - Pakistan - BankTransfer,🇵🇰 Pakistan (https://www.notion.so/Pakistan-1891bf585491474cb04fbefc759f1a03?pvs=21),PKR,Upcoming (ready to sell),Bank Transfer - Pakistan (https://www.notion.so/Bank-Transfer-Pakistan-14c0f236396480b8b8a0e01a464f3972?pvs=21),5.00%,"Binary, Forex, High risk","Both, P2P",USDT,"0.00 %  ",Binance P2P rate,,T+0,n/a,"Min: 1,000 PKR up to 5,000 PKR 
Max: 50,000 PKR up to 800,000 PKR   ","Min: 2,000 PKR 
Max: 800,000 PKR   ",,Anna Ivanova,,Both,,,,,,,,,,,,,"Min : 1,000 USDT 
Max Request Amount: No Limit ",3.00% (Manual)
UBANKCONNECT (https://www.notion.so/UBANKCONNECT-1510f23639648039a3d4d3f26c42f23f?pvs=21),UBANK - November 2024 - Indonesia - VA,🇮🇩 Indonesia (https://www.notion.so/Indonesia-82f5326738e24e4fbb8b42f471f34bb5?pvs=21),IDR,Upcoming (ready to sell),Virtual Accounts - Indonesia (https://www.notion.so/Virtual-Accounts-Indonesia-554252e319dc40a3993a15480d0921c0?pvs=21),"3.20% ","High risk, iGaming","Both, P2C","IDR, USDT"," 60,000 IDR  ",The conversion rate is based on daily MC rate,,T+0,,"Min: 100,000 IDR Max: 24,000,000 IDR   ","Min: 100,000 IDR Max: 24,000,000 IDR   ",,Anna Ivanova,,Both,,,,,,,,,,,,,"Min: 1,000,000 IDR / Max: 100,000,000 IDR",2.20%
UBANKCONNECT (https://www.notion.so/UBANKCONNECT-1510f23639648039a3d4d3f26c42f23f?pvs=21),UBANK - November 2024 - Bangladesh - Upay/Rocket,🇧🇩 Bangladesh (https://www.notion.so/Bangladesh-3f57d04736cb449f9c8dd4ff4fb8e156?pvs=21),BDT,Upcoming (ready to sell),"Upay (https://www.notion.so/Upay-1820f23639648089aa71e26ad31684f4?pvs=21), Rocket (https://www.notion.so/Rocket-1820f2363964802b9e25f4d336070eb0?pvs=21)",6.20%,High risk,"Both, P2P","BDT, USDT","2.50 %    
",The conversion rate is based on daily MC rate,,,,"Min: 300 BDT Max: 25,000 BDT   ","Min: 100 BDT Max: 25,000 BDT",,Anna Ivanova,,Both,,,,,,,,,,,,,"Min : 5,000 USDT 
Max Request Amount: No Limit ",3.70%
UBANKCONNECT (https://www.notion.so/UBANKCONNECT-1510f23639648039a3d4d3f26c42f23f?pvs=21),UBANK - November 2024 - Bangladesh - Bkash/Nagad,🇧🇩 Bangladesh (https://www.notion.so/Bangladesh-3f57d04736cb449f9c8dd4ff4fb8e156?pvs=21),BDT,Upcoming (ready to sell),"Bkash (https://www.notion.so/Bkash-1820f236396480dfb0b4d8a2f3064599?pvs=21), Nagad (https://www.notion.so/Nagad-1820f23639648094a7d9df49c0390baf?pvs=21)",6.50%,High risk,"Both, P2C","BDT, USDT","1.00 %    
","Binance P2P rate, average of 3-4 sellers",,,,"Min: 200 BDT Max: 25,000 BDT   ","Min: 500 BDT Max: 30,000 BDT",,Anna Ivanova,,Both,,,,,,,,,,,,,"Min : 5,000 USDT 
Max Request Amount: No Limit ",2.50%
UBANKCONNECT (https://www.notion.so/UBANKCONNECT-1510f23639648039a3d4d3f26c42f23f?pvs=21),UBANK - November 2024 - Philippines - Maya,🇵🇭 Philippines (https://www.notion.so/Philippines-ab5d2fa696a8438086203f3d2d99329c?pvs=21),PHP,Upcoming (ready to sell),Maya (https://www.notion.so/Maya-8e46956465cd4122b1db80667c16f51b?pvs=21),2.30%,High risk,Both,USDT,0.00%,"The conversion rate will be determined by the daily MC rate   ",,T+0,,"Min: 50 PHP
Max: 50,000 PHP",,,Anna Ivanova,,Both,,,,,,,,,,,,,"Min Request Amount: 1,000 USDT 
Max Request Amount: No Limit ",1.50%
UBANKCONNECT (https://www.notion.so/UBANKCONNECT-1510f23639648039a3d4d3f26c42f23f?pvs=21),UBANK - November 2024 - Philippines - GCash,🇵🇭 Philippines (https://www.notion.so/Philippines-ab5d2fa696a8438086203f3d2d99329c?pvs=21),PHP,Upcoming (ready to sell),GCash (https://www.notion.so/GCash-4d201533a7404a32a498a3fcb0746578?pvs=21),3.90%,High risk,Both,USDT,0.00%,"The conversion rate will be determined by the daily MC rate   ",,T+0,,"Min: 50 PHP
Max: 50,000 PHP",,,Anna Ivanova,,Both,,,,,,,,,,,,,"Min Request Amount: 1,000 USDT 
Max Request Amount: No Limit ",1.50%
UBANKCONNECT (https://www.notion.so/UBANKCONNECT-1510f23639648039a3d4d3f26c42f23f?pvs=21),UBANK - November 2024 - Malaysia - DuitNow,🇲🇾 Malaysia (https://www.notion.so/Malaysia-88b1cf55a464416ea9e4d2dc600f2669?pvs=21),MYR,Upcoming (ready to sell),DuitNow (https://www.notion.so/DuitNow-271d75c962c54a3ab9c72a77d3f7161b?pvs=21),"2.70% ","Forex, High risk, iGaming",Both,USDT,"MYR 10.00 + 1.5% for local settlement and 4% for USDT ","exchange rate based on the liquidity provider
",,T+0,," Min: 40 MYR - Max: 50,000 MYR   ",,,Anna Ivanova,,Both,,,,,,,,,,,,,,
UBANKCONNECT (https://www.notion.so/UBANKCONNECT-1510f23639648039a3d4d3f26c42f23f?pvs=21),UBANK - November 2024 - Malaysia - Bank Transfer,🇲🇾 Malaysia (https://www.notion.so/Malaysia-88b1cf55a464416ea9e4d2dc600f2669?pvs=21),MYR,Upcoming (ready to sell),Bank transfer - Malaysia (https://www.notion.so/Bank-transfer-Malaysia-10e0f236396480408390d8b0e30cecbb?pvs=21),"2.20% ","Forex, High risk, iGaming",Both,USDT,"MYR 10.00 + 1.5% for local settlement and 4% for USDT ","exchange rate based on the liquidity provider
",,T+0,,"GAMING: Min: 30 MYR Max: 10,000 MYR
FOREX: Min: 40 MYR Max: 50,000 MYR","GAMING:: Min: 50 MYR Max: 5,000 MYR 
FOREX:  Min: 50 MYR  Max: 20,000 MYR",,Anna Ivanova,,Both,,,,,,,,,,,,,,"GAMING: 1.60%
FOREX: 2.00% "
UBANKCONNECT (https://www.notion.so/UBANKCONNECT-1510f23639648039a3d4d3f26c42f23f?pvs=21),UBANK - November 2024 - Egypt,🇪🇬 Egypt (https://www.notion.so/Egypt-683bd8fbf72c46b893fb39e053074f40?pvs=21),EGP,Upcoming (ready to sell),Mobile Wallets - Egypt (https://www.notion.so/Mobile-Wallets-Egypt-1810f2363964805e9168ea2774068320?pvs=21),4.00%,High risk,Both,USDT,0.00%,"exchange rate based on the liquidity provider
",,T+0,,,,,Anna Ivanova,,Both,,,,,,,,,,,,,,3.00%
UBANKCONNECT (https://www.notion.so/UBANKCONNECT-1510f23639648039a3d4d3f26c42f23f?pvs=21),UBANK - November 2024 - Rwanda,🇷🇼 Rwanda (https://www.notion.so/Rwanda-22ffaf8b27ca4a8eab62894e53ef7d6a?pvs=21),RWF,Upcoming (ready to sell),Mobile Money Rwanda (https://www.notion.so/Mobile-Money-Rwanda-1650f2363964804c8456f31d03c86bf0?pvs=21),"3.20% (Airtel), 3.20% (MTN) ",High risk,Both,USDT,0.50%,"exchange rate based on the liquidity provider
",,,,,,,Anna Ivanova,,Both,,,,,,,,,,,,,,"1.00% + RWF 500 "
UBANKCONNECT (https://www.notion.so/UBANKCONNECT-1510f23639648039a3d4d3f26c42f23f?pvs=21),UBANK - November 2024 - Nigeria,🇳🇬 Nigeria (https://www.notion.so/Nigeria-b6ba46d66c6e4130bc722e046fc56f14?pvs=21),NGN,Upcoming (ready to sell),NIBSS (https://www.notion.so/NIBSS-da61736700654ad1ada7c94d63fabd62?pvs=21),1.40% per successful tx (NGN 400 cap),High risk,Both,USDT,0.50%,"exchange rate based on the liquidity provider
",,T+1,3.50 USD,,,,Anna Ivanova,,Both,,,,,,,,,,,,,,"1.00% + NGN 30 "
UBANKCONNECT (https://www.notion.so/UBANKCONNECT-1510f23639648039a3d4d3f26c42f23f?pvs=21),UBANK - November 2024 - Ghana,🇬🇭 Ghana (https://www.notion.so/Ghana-a96d92c63518444e9db151bf7aefe2e3?pvs=21),GHS,Upcoming (ready to sell),MoMo - Ghana (https://www.notion.so/MoMo-Ghana-62305a325d664a939a750b76a5539ac9?pvs=21),2.70% per successful tx,High risk,Both,USDT,0.50%,"exchange rate based on the liquidity provider
",,T+1,3.50 USD,,,,Anna Ivanova,,Both,,,,,,,,,,,,,,"2.50% "
UBANKCONNECT (https://www.notion.so/UBANKCONNECT-1510f23639648039a3d4d3f26c42f23f?pvs=21),UBANK - November 2024 - Kenya,🇰🇪 Kenya (https://www.notion.so/Kenya-c7015661ab664a209cec45bcdbd88244?pvs=21),KES,Upcoming (ready to sell),"MPesa (https://www.notion.so/MPesa-d5ab14a68116422a82a9d80fe0aeca8d?pvs=21), Momo - Kenya (https://www.notion.so/Momo-Kenya-02caa90b78404d93850529a701ee086a?pvs=21)",2.10% per successful tx,High risk,Both,USDT,0.50%,exchange rate based on the liquidity provider,,T+3,3.50 USD,,,,Anna Ivanova,,Both,,,,,,,,,,,,,,1.00% + KES 80
UBANKCONNECT (https://www.notion.so/UBANKCONNECT-1510f23639648039a3d4d3f26c42f23f?pvs=21),UBANK - November 2024 - China - eCNY,🇨🇳 China (https://www.notion.so/China-cb9e8a666e4146fc82a746e1595754a6?pvs=21),CNY,Upcoming (ready to sell),e-CNY (https://www.notion.so/e-CNY-1420f23639648036b656f44c643b5373?pvs=21),5.80%,High risk,Trusted,USDT,0%,"exchange rate based on the liquidity provider
",,T+0,n/a,"minimum deposit CNY 3,000, maximum deposit CNY 30,000",,,Anna Ivanova,,Payments,,,,,,,,,,,,,"Min settlement amount CNY 20,000, max CNY 500,000",1.00% + CNY 5
UBANKCONNECT (https://www.notion.so/UBANKCONNECT-1510f23639648039a3d4d3f26c42f23f?pvs=21),UBANK _ december 2024 - ECOM,Worldwide (https://www.notion.so/Worldwide-1520f23639648020a5e3d09f3eb6325a?pvs=21),EUR,Upcoming (ready to sell),Ecom STD (https://www.notion.so/Ecom-STD-1580f2363964809c83f8cea9a2443d7c?pvs=21),5.50%,High risk,Trusted,USDT,0.5%,xe.com,,"Weekly T+5 if monthly bellow 1,000,000.00 EUR
Daily T+5 if monthly above 1,000,000.00 EUR    ",EUR 5,"Tx: EUR 5.00 - 3,000.00, 
Card day: EUR 12,000.00 
Card month: EUR 50,000.00
Card day: 4 transactions
Card month: 40 transactions",,,Oksana Terpilo-Kunitskaya,,Payments,,,,,DPS,EUR 0.35 (approved and declined tx),,,,,,,,
UBANKCONNECT (https://www.notion.so/UBANKCONNECT-1510f23639648039a3d4d3f26c42f23f?pvs=21),UBANK - November 2024 - China - DingTalk,🇨🇳 China (https://www.notion.so/China-cb9e8a666e4146fc82a746e1595754a6?pvs=21),CNY,Upcoming (ready to sell),DingTalk (https://www.notion.so/DingTalk-1810f236396480059130e75d911f05d2?pvs=21),7.30%,High risk,Trusted,USDT,0%,exchange rate based on the liquidity provider,,T+0,,"minimum deposit CNY 100, maximum deposit CNY 5,000",,,Anna Ivanova,,Payments,,,,,,,,,,,,,"Min settlement amount CNY 20,000, max CNY 500,000",
UBANKCONNECT (https://www.notion.so/UBANKCONNECT-1510f23639648039a3d4d3f26c42f23f?pvs=21),UBANK - November 2024 - China - Alipay,🇨🇳 China (https://www.notion.so/China-cb9e8a666e4146fc82a746e1595754a6?pvs=21),CNY,Upcoming (ready to sell),Alipay (https://www.notion.so/Alipay-e8fd105ffa014ee48e9f3043ff45c2d3?pvs=21),6.30% (P2P),High risk,Trusted,USDT,0%,exchange rate based on the liquidity provider,,T+0,,"minimum deposit CNY 3,000, maximum deposit CNY 30,000",,,Anna Ivanova,,Payments,,,,,,,,,,,,,"Min settlement amount CNY 20,000, max CNY 500,000",
UBANKCONNECT (https://www.notion.so/UBANKCONNECT-1510f23639648039a3d4d3f26c42f23f?pvs=21),UBANK - November 2024 - Thailand,🇹🇭 Thailand (https://www.notion.so/Thailand-3d224d0234654e4ebddbb4e2eda6b589?pvs=21),THB,Upcoming (ready to sell),"Bank transfer - Thailand (https://www.notion.so/Bank-transfer-Thailand-10d0f236396480409c0cece5ec69ebe7?pvs=21), PromptPay (https://www.notion.so/PromptPay-66e94ab8ed32468893f91fb877ce7cdb?pvs=21), TrueMoney Wallet (https://www.notion.so/TrueMoney-Wallet-9de697ba49dc4d3a914a4910f0f4ddd1?pvs=21)","2.30% (THB 5 minimum fee) ","Forex, High risk, iGaming",Both,"USDT, THB","THB 50,000",exchange rate based on the liquidity provider,,T+0,,"minimum deposit THB 250, maximum deposit THB 500,000","min THB 250, max THB 500,000",,Anna Ivanova,,Both,,,,,DPS,,,,,,,,"min settlement amount THB 1,000, max THB 1,000,000 ",Bank transfer: 1.80% (min THB 10)
UBANKCONNECT (https://www.notion.so/UBANKCONNECT-1510f23639648039a3d4d3f26c42f23f?pvs=21),UBANK - November 2024 - Vietnam - BankTranfer/QR,🇻🇳 Vietnam (https://www.notion.so/Vietnam-9d3ae854dde54c0c89baf47b97c597ba?pvs=21),VND,Upcoming (ready to sell),"Bank transfer - Vietnam (https://www.notion.so/Bank-transfer-Vietnam-d640268b1f6a4943a874c2546dec2085?pvs=21), VietQR (https://www.notion.so/VietQR-1120f236396480d68a32d38ae8defb60?pvs=21)","Bank Transfer/QR: 2.30% (per successful tx)
Forex (bank transfer): 2.40%   ","Binary, High risk, iGaming",Both,USDT,"Gaming, Binary VND 50,000
Forex 0%",exchange rate based on the liquidity provider,,T+0,,"minimum deposit VND 100,000, maximum deposit VND 300,000,000 ","min VND 50,000, max VND 300,000,000",,Anna Ivanova,,Both,,,,,,,,,,,,,"Gaming, binary: min settlement amount VND 1,000,000, max VND 100,000,000
Forex: min VND 100,000,000, max No limits","Gaming, Binary Bank Transfer: 1.80% (Minimum Fee: 10,000 VND)
Forex: 2%"
UBANKCONNECT (https://www.notion.so/UBANKCONNECT-1510f23639648039a3d4d3f26c42f23f?pvs=21),UBANK - November 2024 - Vietnam - MomoPay,🇻🇳 Vietnam (https://www.notion.so/Vietnam-9d3ae854dde54c0c89baf47b97c597ba?pvs=21),VND,Upcoming (ready to sell),MoMo - Vietnam (https://www.notion.so/MoMo-Vietnam-dfccc4c2959c460fa0c136e45d214e5f?pvs=21),"Forex 2.80% 
Gaming, Binary 2.30% (Minimum Fee: 2,500 VND)","Binary, Forex, High risk, iGaming",Both,USDT,"Gaming, Binary VND 50,000, 
Forex 0%",exchange rate based on the liquidity provider,,T+0,,"minimum deposit VND 100,000, max VND 5,000,000 (gaming, binary), Max: 20,000,000 VND (forex)",,,Anna Ivanova,,Both,,,,,DPS,,,,,,,,"Gaming, binary: min settlement amount VND 1,000,000, max VND 100,000,000
Forex: min VND 100,000,000, max No limits",
UBANKCONNECT (https://www.notion.so/UBANKCONNECT-1510f23639648039a3d4d3f26c42f23f?pvs=21),UBANK - November 2024 - BLIK,🇵🇱 Poland (https://www.notion.so/Poland-74cb72e2a9554b7fa38c04b53ed745c5?pvs=21),PLN,Upcoming (ready to sell),BLIK (https://www.notion.so/BLIK-e52a4cfd41504398b57508e672afb7bc?pvs=21),"Trusted:
6.00% + 0.35 EUR
FTD:
9.00% + 0.35 EUR
(7.00% FTD - soon)","High risk, iGaming",Both,"USDT, PLN",1%,exchange rate based on the liquidity provider,,"T+7, T+5 (for volumes >EUR100k)",,"● Min trx amount --> $5 
● Max trx amount --> $3,000 
● Max aggregated amount within 24h per card --> $12,000 
● Max aggregated amount within 1 month per card --> $50,000 
● Max trx count within 24h per card --> 4 
● Max trx count within 1 month per card --> 40 RFW ",,,Anna Ivanova,,Payments,,,,,,,,,,,,,"min settlement amount 10,000 EUR for local settlement",
PagSmile (https://www.notion.so/PagSmile-222c7b6d15e44541a7920371d96e6357?pvs=21),PagSmile - May 2024 - Chile - Mach,🇨🇱 Chile (https://www.notion.so/Chile-529cb5b42759488ba91830728a0e2513?pvs=21),CLP,Upcoming (ready to sell),Mach (https://www.notion.so/Mach-ab7502e1e2f14ca0b8f6218324b213df?pvs=21),"4.76% ",High risk,Both,"USD, EUR",USD/EUR 50.00,xe.com,2.00%,"T+7 = EUR / USD
T+3 = USDT",USD 1.00,"1~500,000",,,Anna Ivanova,,Payments,,Included,1%,T+1,"DPS, GFI",no,"CLP 850 ",USDT,1% + 50 USDT,,,,,
PagSmile (https://www.notion.so/PagSmile-222c7b6d15e44541a7920371d96e6357?pvs=21),PagSmile - May 2024 - Chile - Cash Payments,🇨🇱 Chile (https://www.notion.so/Chile-529cb5b42759488ba91830728a0e2513?pvs=21),CLP,Upcoming (ready to sell),"Klap Efectivo (https://www.notion.so/Klap-Efectivo-6bcd41381fa44e479c6c61f5614612d1?pvs=21), Pago46 (https://www.notion.so/Pago46-0fc0f236396480eca33fde23b5f40b61?pvs=21)","4.76% ",High risk,Both,"USD, EUR",USD/EUR 50.00,xe.com,2.00%,"T+7 = EUR / USD
T+3 = USDT",USD 1.00,"1,500 - 999,999 for Bank Transfer, 10,000- 999,999 for Cash",,,Anna Ivanova,,Payments,,Included,1%,T+1,"DPS, GFI",no,"CLP 850 ",USDT,1% + 50 USDT,,,,,
PagSmile (https://www.notion.so/PagSmile-222c7b6d15e44541a7920371d96e6357?pvs=21),PagSmile - May 2024 - Chile - Bank Transfer,🇨🇱 Chile (https://www.notion.so/Chile-529cb5b42759488ba91830728a0e2513?pvs=21),CLP,Upcoming (ready to sell),Bank Transfer - Chile (https://www.notion.so/Bank-Transfer-Chile-73162eabd228425aad072cff8317a408?pvs=21),"2.38% ",High risk,Both,"USD, EUR",USD/EUR 50.00,xe.com,2.00%,"T+7 = EUR / USD
T+3 = USDT",USD 1.00,"1~250,000 (Khipu), 
50~5,000,000 (Bank Transfer)","1~250,000 (Khipu), 
50~5,000,000 (Bank Transfer)",,Anna Ivanova,,Both,,Included,1%,T+1,"DPS, GFI",no,"CLP 850 ",USDT,1% + 50 USDT,,,"CLP 1000 ",,"1% "
PagSmile (https://www.notion.so/PagSmile-222c7b6d15e44541a7920371d96e6357?pvs=21),PagSmile - May 2024 - Chile - Khipu,🇨🇱 Chile (https://www.notion.so/Chile-529cb5b42759488ba91830728a0e2513?pvs=21),CLP,Upcoming (ready to sell),Khipu (CL) (https://www.notion.so/Khipu-CL-1830f23639648010b8d9cf0b12215f84?pvs=21),3.00%,High risk,Both,"USD, EUR",USD/EUR 50.00,xe.com,2.00%,"T+7 = EUR / USD
T+3 = USDT",USD 1.00,"1~250,000 (Khipu), 
50~5,000,000 (Bank Transfer)","1~250,000 (Khipu), 
50~5,000,000 (Bank Transfer)",,Anna Ivanova,,Both,,Included,1%,T+1,"DPS, GFI","CLP 200 ",,USDT,1% + 50 USDT,,,"CLP 1000 ",,"1% "
XLD Finance (https://www.notion.so/XLD-Finance-4956c763aebc4a5bba267cb85c16c2d2?pvs=21),XLD Finance - June 2024 - GCash QR,🇵🇭 Philippines (https://www.notion.so/Philippines-ab5d2fa696a8438086203f3d2d99329c?pvs=21),PHP,Live,GCash QR (https://www.notion.so/GCash-QR-17e0f2363964809787d9df700bb03f4a?pvs=21),2.30%,"Adult, Crypto, Forex, iGaming","FTD, Trusted","USD, EUR",0,xld.finance,0.50%,T+2,8 PHP,"PHP 20 - PHP 100 000 ",,n/a,Anna Ivanova,,Both,,VAT included,,,,no,no,USDT,0,,,,n/a,Via instapay/Pesonet PHP 8
Coins.ph (https://www.notion.so/Coins-ph-79b957abe43740ff827a3310d9e72ff6?pvs=21),Coins - July 2024 - Philippines - Cash Pickup,🇵🇭 Philippines (https://www.notion.so/Philippines-ab5d2fa696a8438086203f3d2d99329c?pvs=21),PHP,Upcoming (ready to sell),"Cebuana Lhuillier (https://www.notion.so/Cebuana-Lhuillier-4378e36d2d8140e290d91966ff34a48d?pvs=21), Palawan Pawnshop (https://www.notion.so/Palawan-Pawnshop-c527c577f23041b5bc6e8f9445b0aa6a?pvs=21), M Lhuillier (https://www.notion.so/M-Lhuillier-7bd4c076ff4140df8490d7892ce03868?pvs=21)",,High risk,Both,USDT,,,,,,,,,Anna Ivanova,,Disbursements,,VAT included,,,DPS,,,,,,,,,"105 PHP below 10,000 PHP or 1,6% above 10,000 PHP"
Coins.ph (https://www.notion.so/Coins-ph-79b957abe43740ff827a3310d9e72ff6?pvs=21),Coins - July 2024 - Philippines - Pesonet,🇵🇭 Philippines (https://www.notion.so/Philippines-ab5d2fa696a8438086203f3d2d99329c?pvs=21),PHP,Upcoming (ready to sell),PESONet (https://www.notion.so/PESONet-11953c75c36a441789611f8dcbdde2b5?pvs=21),,High risk,Both,USDT,,,,,,,above 50000 php,,Anna Ivanova,,Disbursements,,VAT included,,,"DPS, Nubio",,,,,,,,,10 PHP
Coins.ph (https://www.notion.so/Coins-ph-79b957abe43740ff827a3310d9e72ff6?pvs=21),Coins - July 2024 - Philippines - Instapay QR,🇵🇭 Philippines (https://www.notion.so/Philippines-ab5d2fa696a8438086203f3d2d99329c?pvs=21),PHP,Upcoming (ready to sell),InstaPay (QR Ph) (https://www.notion.so/InstaPay-QR-Ph-62ebe13a44c74162b6ca063c7c596372?pvs=21),1.344%,High risk,Both,no,no,Coins.ph,0%,T+1,8 PHP,no,upto 50000 php,n/a,Anna Ivanova,,Both,,included,,,"DPS, Nubio",,,USDT/C,0,,8 PHP,,n/a,
Coins.ph (https://www.notion.so/Coins-ph-79b957abe43740ff827a3310d9e72ff6?pvs=21),"Coins - July 2024 - Philippines - Coins.ph ",🇵🇭 Philippines (https://www.notion.so/Philippines-ab5d2fa696a8438086203f3d2d99329c?pvs=21),PHP,Upcoming (ready to sell),Coins.ph (https://www.notion.so/Coins-ph-f8cef18b7163407da119171e3d1427c6?pvs=21),1.344%,High risk,Both,no,no,Coins.ph,0%,T+1,8 PHP,no,upto 50000 php,n/a,Anna Ivanova,,Both,,included,,,DPS,,,USDT/C,0,,,,n/a,8 PHP
XLD Finance (https://www.notion.so/XLD-Finance-4956c763aebc4a5bba267cb85c16c2d2?pvs=21),XLD Finance - June 2024 - Bank Transfers,🇵🇭 Philippines (https://www.notion.so/Philippines-ab5d2fa696a8438086203f3d2d99329c?pvs=21),PHP,Live,Bank Transfer - Philippines (https://www.notion.so/Bank-Transfer-Philippines-e253f47672184749ae2695c9772154a1?pvs=21),PHP 8.00,"Adult, High risk",Both,USDT,0,xld.finance,0.50%,T+2,,no,via Pesonet,n/a,Anna Ivanova,,,,VAT included,,,,,,,,,,,n/a,PHP 8.00
XLD Finance (https://www.notion.so/XLD-Finance-4956c763aebc4a5bba267cb85c16c2d2?pvs=21),XLD Finance - June 2024 - Instapay QR,🇵🇭 Philippines (https://www.notion.so/Philippines-ab5d2fa696a8438086203f3d2d99329c?pvs=21),PHP,Live,InstaPay (QR Ph) (https://www.notion.so/InstaPay-QR-Ph-62ebe13a44c74162b6ca063c7c596372?pvs=21),2.30%,"Adult, High risk",Both,USDT,0,xld.finance,0.50%,T+2,,no,upto 50 000 PHP,n/a,Anna Ivanova,,,,VAT included,,,,,,,,,,,n/a,PHP 10.00
XLD Finance (https://www.notion.so/XLD-Finance-4956c763aebc4a5bba267cb85c16c2d2?pvs=21),XLD Finance - June 2024 - GCash,🇵🇭 Philippines (https://www.notion.so/Philippines-ab5d2fa696a8438086203f3d2d99329c?pvs=21),PHP,Live,GCash (https://www.notion.so/GCash-4d201533a7404a32a498a3fcb0746578?pvs=21),3.00%,"Adult, High risk",Both,"USDT, USD, EUR",0,xld.finance,0.50%,T+2,8 PHP,"PHP 20 - PHP 100 000 ",,n/a,Anna Ivanova,,,,VAT included,,,,,,,,,,,n/a,Via instapay/Pesonet PHP 8
PayMongo (https://www.notion.so/PayMongo-04bc87eef625458ea69b952d42910aef?pvs=21),PayMongo - April - Bank Transfers,🇵🇭 Philippines (https://www.notion.so/Philippines-ab5d2fa696a8438086203f3d2d99329c?pvs=21),PHP,Live,Bank Transfer - Philippines (https://www.notion.so/Bank-Transfer-Philippines-e253f47672184749ae2695c9772154a1?pvs=21),"0.8% ","Adult, Crypto, Forex, iGaming","FTD, Trusted",USD,"USD 15.00 ","by UB or xe.com ",0.005,T+1,8 PHP,up to 50 000 PHP = 870 USD,"1-50,000 PHP Instapay, no limit for Pesonet",n/a,Anna Ivanova,,Both,no,VAT included,,,"DPS, GFI",no,"12 PHP ",USDT,0.5%,,8 PHP,,n/a,no
PayMongo (https://www.notion.so/PayMongo-04bc87eef625458ea69b952d42910aef?pvs=21),PayMongo - April - GrabPay,🇵🇭 Philippines (https://www.notion.so/Philippines-ab5d2fa696a8438086203f3d2d99329c?pvs=21),PHP,Live,GrabPay - Philippines (https://www.notion.so/GrabPay-Philippines-76cb0fcbe87b4d4aa22da3c310f95e3d?pvs=21),2%,"Adult, Crypto, Forex, iGaming","FTD, Trusted",USD,"USD 15.00 ","by UB or xe.com ",0.005,T+1,0,up to 100 000 PHP,"1-50,000 PHP Instapay, no limit for Pesonet",n/a,Anna Ivanova,,Both,no,VAT included,,,"DPS, GFI",no,no,USDT,0.5%,,8 PHP,,n/a,no
PayMongo (https://www.notion.so/PayMongo-04bc87eef625458ea69b952d42910aef?pvs=21),PayMongo - April - PayMaya,🇵🇭 Philippines (https://www.notion.so/Philippines-ab5d2fa696a8438086203f3d2d99329c?pvs=21),PHP,Live,Maya (https://www.notion.so/Maya-8e46956465cd4122b1db80667c16f51b?pvs=21),2%,"Adult, Crypto, Forex, iGaming","FTD, Trusted",USD,"USD 15.00 ","by UB or xe.com ",0.005,T+1,0,up to 100 000 PHP,"1-50,000 PHP Instapay, no limit for Pesonet",n/a,Anna Ivanova,,Both,no,VAT included,,,"DPS, GFI",no,no,USDT,0.5%,,8 PHP,,n/a,no
PayMongo (https://www.notion.so/PayMongo-04bc87eef625458ea69b952d42910aef?pvs=21),PayMongo - April - Instapay QR,🇵🇭 Philippines (https://www.notion.so/Philippines-ab5d2fa696a8438086203f3d2d99329c?pvs=21),PHP,Live,InstaPay (QR Ph) (https://www.notion.so/InstaPay-QR-Ph-62ebe13a44c74162b6ca063c7c596372?pvs=21),1.2%,"Adult, Crypto, Forex, iGaming","FTD, Trusted",USD,"USD 15.00 ","by UB or xe.com ",0.005,T+1,8 PHP,"min PHP 20.00 - max 50,000 PHP ","1-50,000 PHP Instapay, no limit for Pesonet",n/a,Anna Ivanova,,Both,no,VAT included,,,"DPS, GFI",no,no,USDT,0.5%,,8 PHP,,n/a,no
PayMongo (https://www.notion.so/PayMongo-04bc87eef625458ea69b952d42910aef?pvs=21),PayMongo - April 2024 - GCash,🇵🇭 Philippines (https://www.notion.so/Philippines-ab5d2fa696a8438086203f3d2d99329c?pvs=21),PHP,Live,GCash (https://www.notion.so/GCash-4d201533a7404a32a498a3fcb0746578?pvs=21),2%,"Adult, Crypto, Forex, iGaming","FTD, Trusted",USD,"USD 15.00 ","by UB or xe.com ",0.005,T+1,8 PHP,up to 100 000 PHP = 1740 USD,"1-50,000 PHP Instapay, no limit for Pesonet",n/a,Anna Ivanova,,Both,no,VAT included,,,"DPS, GFI",no,no,USDT,0.5%,,8 PHP,,n/a,no
ArtismPay (https://www.notion.so/ArtismPay-15b0f236396480719cb9ee47c9ce609d?pvs=21),ArtismPay-December2024-Vietnam - VietQR - igaming,🇻🇳 Vietnam (https://www.notion.so/Vietnam-9d3ae854dde54c0c89baf47b97c597ba?pvs=21),VND,Live,VietQR (https://www.notion.so/VietQR-1120f236396480d68a32d38ae8defb60?pvs=21),"1.80% 
","Crypto, High risk, iGaming",Both,no,no,Binance P2P,0.60%,T+0,no,"VND 100,000 -  VND300,000,000, limit on total volume: USD1,000,0000 per day","VND 100,000 - VND299,000,000, The amount spent cannot exceed the available balance in your account.",no,Anna Ivanova,,Both,,included,,,DPS,no,5500 VND,USDT,"VND 50 ",,,5500 VND,"min 20 000 USDT, max daily settlement at 2,000,000 - 5,000,000 USDT per day, depend on industry","0.8% 
"
ArtismPay (https://www.notion.so/ArtismPay-15b0f236396480719cb9ee47c9ce609d?pvs=21),ArtismPay-December2024-Vietnam - VietQR - forex,🇻🇳 Vietnam (https://www.notion.so/Vietnam-9d3ae854dde54c0c89baf47b97c597ba?pvs=21),VND,Live,VietQR (https://www.notion.so/VietQR-1120f236396480d68a32d38ae8defb60?pvs=21),1.60%,"Forex, High risk",Both,no,no,binance rate,0%,T+0,no,"VND 100,000 -  VND300,000,000","VND 100,000 - VND299,000,000, The amount spent cannot exceed the available balance in your account.",no,Anna Ivanova,,Both,,included,,,DPS,no,5500 VND,USDT,0.7%,"If volume is over 100 billions VND, payin fee is 1.4% ( min 5,500 VND), payout at 0.5% ( min 5,500vnd)
If volume is over 1,000 billions VND, fee is 1.2%, payout at 0.5% ( min 5,500vnd)",,5500 VND,"min 20 000 USDT, max daily settlement at 2,000,000 - 5,000,000 USDT per day, depend on industry",0.7%
PagSmile (https://www.notion.so/PagSmile-222c7b6d15e44541a7920371d96e6357?pvs=21),"PagSmile - May 2024 - Argentina - Khipu ",🇦🇷 Argentina   (https://www.notion.so/Argentina-9830c08fde384c97adcdc05403128938?pvs=21),ARS,Upcoming (ready to sell),Khipu (https://www.notion.so/Khipu-dc3add2b9bd44a89bd4ed3e34a0dd390?pvs=21),"4.24% ",High risk,Both,"USD, EUR",USD/EUR 50.00,bluedollar.net/informal-rate,2.00%,"T+7 = EUR / USD
T+3 = USDT",USD 1.00,"50~1,257,000/day","50~1,257,000/day",,Anna Ivanova,,Both,,Included,1%,T+1,"DPS, GFI",no,ARS 1000,USDT,1% + 50 USDT,,,ARS 1000,,"3% "
Durian Pay (Proxy Pratama 1%) (https://www.notion.so/Durian-Pay-Proxy-Pratama-1-1df0f2363964803da073efe7a30f1883?pvs=21),DurianPay-March-2025-VA,🇮🇩 Indonesia (https://www.notion.so/Indonesia-82f5326738e24e4fbb8b42f471f34bb5?pvs=21),IDR,Upcoming (ready to sell),Virtual Accounts - Indonesia (https://www.notion.so/Virtual-Accounts-Indonesia-554252e319dc40a3993a15480d0921c0?pvs=21),"IDR 3,604","Crypto, Forex, High risk, Low risk, iGaming",n/a,"USDT, EUR, IDR",USD 35,http://xe.com/ + 1% for fiat,,T+1 for USDT,,"Payin VA available banks: 
BRI IDR 15.000 - 25.000.000
BNI IDR 15.000 - 25.000.000
Mandiri IDR 15.000 - 25.000.000
Permata IDR 15.000 - 25.000.000
CIMB not implemented
","Payout VA available banks: 
BRI IDR 10.000 - 500.000.000
BNI IDR 10.000 - 500.000.000
Mandiri IDR 10.000 - 500.000.000
Permata IDR 10.000 - 500.000.000

the list could be expanded according to this list https://docs.durianpay.id/docs/supported-banks-limits",,Yana Kuprina,,Both,,11% not included — applied only on the payment/disbursement fee (fixed or percentage-based),,,,,,0.22%,,"1% processing fee - added on the top of the payment fee, no tax applied",,,,"IDR 2,883"
Durian Pay (Proxy Pratama 1%) (https://www.notion.so/Durian-Pay-Proxy-Pratama-1-1df0f2363964803da073efe7a30f1883?pvs=21),DurianPay - July 2024 - Indonesia - DANA,🇮🇩 Indonesia (https://www.notion.so/Indonesia-82f5326738e24e4fbb8b42f471f34bb5?pvs=21),IDR,Upcoming (ready to sell),DANA (https://www.notion.so/DANA-4ab88cc029eb4ca990a44a510effbfbe?pvs=21),"1.50% ","Crypto, Forex, High risk, Low risk, iGaming",n/a,"IDR, USD, EUR",USD 35,,,"T+1 for USDT
T+2 for Fiat (twice a week, every Tuesday and Thursday) ",,"100 - 20,000,000",20.500 - 20.000.000,,Yana Kuprina,,Both,,11% not included — applied only on the payment/disbursement fee (fixed or percentage-based),,,,,,,"0.22% ","1% processing fee - added on the top of the payment fee, no tax applied",,,,"IDR 2,883"
Durian Pay (Proxy Pratama 1%) (https://www.notion.so/Durian-Pay-Proxy-Pratama-1-1df0f2363964803da073efe7a30f1883?pvs=21),DurianPay-March-2025-ShopeePay,🇮🇩 Indonesia (https://www.notion.so/Indonesia-82f5326738e24e4fbb8b42f471f34bb5?pvs=21),IDR,Upcoming (ready to sell),ShopeePay - Indonesia (https://www.notion.so/ShopeePay-Indonesia-38d612ccab07421c914d6fb8e0af9146?pvs=21),"1.8% 
","Crypto, Forex, High risk, Low risk, iGaming",n/a,EUR USD IDR,USD 35 for fiat and 0.22% + USDT for crypto,,,"T+1 for USDT
T+2 for Fiat (twice a week, every Tuesday and Thursday) ",,"IDR 100 - 20,000,000",IDR 10.000 - 20.000.000,,Yana Kuprina,,Both,,11% not included — applied only on the payment/disbursement fee (fixed or percentage-based),,,,,,,,"1% processing fee - added on the top of the payment fee, no tax applied
",,,,"IDR 2,883 "
Durian Pay (Proxy Pratama 1%) (https://www.notion.so/Durian-Pay-Proxy-Pratama-1-1df0f2363964803da073efe7a30f1883?pvs=21),DurianPay-March-2025-QRIS,🇮🇩 Indonesia (https://www.notion.so/Indonesia-82f5326738e24e4fbb8b42f471f34bb5?pvs=21),IDR,Upcoming (ready to sell),QRIS (https://www.notion.so/QRIS-70b9567ab1db4465b1a9faa8fd6caf68?pvs=21),"0,7% ","Crypto, Forex, High risk, Low risk, iGaming",n/a,USD EUR USDT,USD 35,,"http://xe.com/ + 1% for USD/ EUR ","T+1 for USDT
T+0 for USDT
0.1% per transaction on Business Days
0.2% per transaction on Weekends (Saturdays and
Sundays) and Holidays

T+2 for Fiat (twice a week, every Tuesday and Thursday) ",,"IDR 1 - 10,000,000",,,Yana Kuprina,,Payments,,Included,,,,,,,0.22%,"1% processing fee - added on the top of the payment fee, no tax applied",,,"USD 10,000 related to fiat ",
Durian Pay  (https://www.notion.so/Durian-Pay-184370c3ae6a4292a2da74abc373e898?pvs=21),"DurianPay-February-2025-QRIS ",🇮🇩 Indonesia (https://www.notion.so/Indonesia-82f5326738e24e4fbb8b42f471f34bb5?pvs=21),IDR,Live,QRIS (https://www.notion.so/QRIS-70b9567ab1db4465b1a9faa8fd6caf68?pvs=21),0.70%,"Crypto, Forex, High risk, Low risk, iGaming",,USD EUR USDT,"USD 35 for fiat and 0.21% + USDT for crypto
T+0 ",,"http://xe.com/ + 1% for USD/ EUR ","T+0 for USDT settlement has 11:00 GMT+7 cut off and will be settled by 14:00 GMT+7 the same day
T+1 for fiat",,"IDR 1 - 10,000,000",,,Yana Kuprina,,Payments,,Included,,,DPS,,,,,,,,"USD 10,000 and twice a week, every Tuesday and Thursday, related to fiat only",
Processing KZ (CNP) & Nurbank (https://www.notion.so/Processing-KZ-CNP-Nurbank-1340f23639648072bffcf3be55f69461?pvs=21),CNP/Nurbank - jan 2025 - ecom,,KZT,Live,,IC++     add fee+0.1% CNP + 0.1% Nurbank,Low risk,Both,,,,,,,"Мин. - 500
Макс. - 300 000

Лимиты по транзакционные по карте:
Макс. -  1,5 млн тнг/ В день
Макс. -  3 млн тнг / В месяц
Mакс. - 5 успешных транзакций / В день
Mакс. - 10 успешных транзакций / В месяц

Лимит на терминал:
в сутки - 15 млн
в месяц - 30 млн",,,Oxana Ter,,Payments,,,,,SredaPay,,,,,,,,,
ADVANCED PAYMENT SOLUTIONS (APS) (https://www.notion.so/ADVANCED-PAYMENT-SOLUTIONS-APS-1980f236396480418bc6dc2b148b8a47?pvs=21),APS - ecom - FX,,USD,Live,,5.5%,Forex,"FTD, Trusted",USDT,,,1.5%,"Т+7
Каждую пятницу за предыдущую неделю",5 USD,"Мин лимит транзакции - 3 USD
Макс лимит транзакции - 3000 USD",,"Afghanistan; Algeria; Bangladesh; Belarus; Bosnia and Herzegovina;  Cambodia; Canada; Central African Republic; Cuba; Democratic People'S Republic of Korea; Democratic Republic of the Congo; Egypt; Guyana; Iran (Islamic Republic of); Iraq; Lao People'S Democratic Republic; Lebanon; Libya; Mali; Myanmar; Nicaragua; Pakistan; Palestine, State of; People’S Republic of China; Russian Federation; Somalia; South Sudan; Sudan; Syrian Arab Republic; Uganda; United States of America; Vanuatu; Vatican City-See Holy See; Venezuela; Viet Nam; Yemen; Zimbabwe.",Oxana Ter,,Payments,,,,,DPS,,,,,,,,,
MoneyPaprika (https://www.notion.so/MoneyPaprika-13c0f2363964801da8b3c03595238e4d?pvs=21),MoneyPaprika - ecom,Worldwide (https://www.notion.so/Worldwide-1520f23639648020a5e3d09f3eb6325a?pvs=21),,Live,,"5,3%+0,20 eur/usd",High risk,Trusted,USDT,,Kraken,,"Settlement frequency: 2 times a week
Friday - for Monday to Wednesday

Tuesday - for Thursday to Monday
Кракен + 0,5%",2.5 EUR,"min tr amount - €1,
max tr amount - €10,000,
daily limit - 15 transactions per day,
monthly limit per card - €30,000.",,"Швеция, Финляндия, Норвегия, Афганистан, Босния и Герцеговина, Беларусь, Демократическая Республика Конго, Республика Конго, Куба, Гонконг, Иран, Ирак, Северная Корея, Ливан, Ливия, Молдова, Мали, Мьянма, Намибия, Никарагуа, Пакистан, Российская Федерация, Судан, Сомали, Южный Судан, Сирия, Украина, Венесуэла, Йемен, Зимбабве, Самоа, Индия, Турция, Канада, Эквадор, Аргентина, Исландия, Дания.",Oxana Ter,,Payments,,,,,DPS,,,,,,,,,
"Maxnam (ex.Tunzer, ex. Creders) (https://www.notion.so/Maxnam-ex-Tunzer-ex-Creders-1980f2363964808db0d1f86fba831528?pvs=21)",Crederes - nov 2024 - Ecom,"Italy, Spain, Iceland, Slovakia, Greece, Romania, Estonia, Montenegro, Czech Republic, Moldova, Croatia, Luxembourg, Belgium, Liechtenstein, Andorra, Ireland, Slovenia, Hungary, Serbia, Germany, Portugal, Finland, the Netherlands, Denmark, Monaco, Cyprus, Malta, Bulgaria, Lithuania, Austria, Switzerland, Norway, France (https://www.notion.so/Italy-Spain-Iceland-Slovakia-Greece-Romania-Estonia-Montenegro-Czech-Republic-Moldova-Croa-1980f2363964806bb225e9f4e919f221?pvs=21)",EUR,Live,,"EU region (VISA and Mastercard) = 4,5% + 0.05 EUR
ROW region (VISA and Mastercard)  = 5% + 0.15 EUR",High risk,Trusted,USDT,1%,Kraken,,T+4,"2.0% + 0,15 EUR EU
3.5% + 0,15 EUR  ROW","Min amount - 5 EUR
Max amount  -  9 000 EUR
Количество операций в сутки - 9 successful & 10 unsuccessful
Максимальный оборот в день с карты - 14 600 EUR
Максимальный оборот с карты в месяц - n/a","Min amount - 5 EUR
Max amount  -  9 000 EUR
Количество операций в сутки - 9 successful & 10 unsuccessful
Максимальный оборот в день с карты - 14 600 EUR
Максимальный оборот с карты в месяц - n/a",,Oxana Ter,,Both,,,"можно в неттинг по графику Т+4,
Внешнее пополнение 0.8%, Т+2",,DPS,,,,,,,,"min 50 k EUR
Kraken* The exchange rate at the time of fixing the transaction may differ from the market by 15 pips due to the use of different liquidity providers
","0 - 2м - 2.85% + 0,5 EU/ 0,7 ROW
2 - 4м - 2.75% +  0,5 EU/ 0,7 ROW
4 - 6 - 2.65% +  0,5 EU/ 0,7 ROW
6м + - 2.5% +  0,5 EU/ 0,7 ROW"
TransactWorld (https://www.notion.so/TransactWorld-13d0f23639648017b298fa23bd4f9cd4?pvs=21),TransactWorld - feb 2025 - Ecom,,EUR,Live,,"4.5% - MC EU
5% - VISA EU
",High risk,Trusted,USDT,1%,,,,4 EUR,"min 5/ max 5000 EUR (Visa/MC)
● 100 transactions per month per card
● Settlement weekly with one week in arrears
● First 6 and last 4 digits of cards for VIP processing only.
",,"Afghanistan, Algeria, Bahrain, Comoros, Djibouti, Egypt, Iran (Islamic Republic of Iran), Iraq, Jordan, Kuwait, Lebanon, Libya, Mauritania, Morocco, the Occupied Palestinian Territory, Oman, Pakistan, Qatar, Saudi Arabia, Somalia, Sudan, the Syrian Arab Republic, Tunisia, Yemen, Indonesia, Vietnam, Laos, Brunei, Thailand, Myanmar, Philippines, Cambodia, Singapore, Malaysia, Republic of Azerbaijan, Republic of Armenia, Republic of Belarus, Republic of Kazakhstan, Kyrgyz Republic, Republic of Moldova, Russian Federation, Republic of Tajikistan, Turkmenistan, Republic of Uzbekistan, Ukraine, North Korea (Democratic People's Republic of Korea), Iran, Syria, Cuba, Venezuela, Russia (due to recent events related to the Ukraine conflict), Belarus, Zimbabwe, Myanmar (Burma), Albania, Barbados, Bosnia and Herzegovina, Burkina Faso, Cayman Islands, Democratic Republic of the Congo, Greece, Guatemala, Haiti, Jamaica, Mali, Mozambique, Nicaragua, North Macedonia, Senegal, Uganda, United Arab Emirates (UAE) тут пока под вопросом",Oxana Ter,,Payments,,,,,DPS,,,,,,,,,
Walletto (https://www.notion.so/Walletto-17c0f2363964802aac83dd798e4281a4?pvs=21),Walletto_feb25_ecom,WorldWide except of sanctioned countries + USA+UA (https://www.notion.so/WorldWide-except-of-sanctioned-countries-USA-UA-17c0f23639648098a7bde1a887c4009d?pvs=21),"AED, AMD, ARS, AUD, AZN, BAM, BDT, BGN, BHD, BOB, BRL, BYN, CAD, CHF, CLP, CNY, COP, CZK, DKK, EGP, EUR, GBP, GEL, GIP, HKD, HRK, HUF, IDR, ILS, INR, JPY, KGS, KRW, KWD, KZT, LYD, MDL, MKD, MXN, MYR, NGN, NOK, NZD, PEN, PHP, PLN, QAR, RON, RSD, RUB, SAR, SEK, SGD, THB, TRY, TWD, UAH, USD, UZS, ZAR",Live,Ecom STD (https://www.notion.so/Ecom-STD-1580f2363964809c83f8cea9a2443d7c?pvs=21),4.5%+0.15,High risk,Trusted,EUR,,,,,0.5 EUR,"Max. amount of one transaction: 
3000 EUR Maximum amount of successful authorization on email per month 
15,000 EURMaximum count of cards per email - 3 per months
Maximum count of transaction per card - 15 per day

",,,Oxana Ter,,Payments,,,,,,,,,,,,,,
,Walletto_ecom,WorldWide except of sanctioned countries + USA+UA (https://www.notion.so/WorldWide-except-of-sanctioned-countries-USA-UA-17c0f236396480ee9e3dfbeea6e47867?pvs=21),EUR,Live,Ecom STD (https://www.notion.so/Ecom-STD-1580f2363964809c83f8cea9a2443d7c?pvs=21),"4,75%+0,15 EUR",High risk,Trusted,EUR,,,,T+2,,"min  5 eur, max 3000 eur",,sanctioned countries + USA + UA,"Oksana Terpilo-Kunitskaya, Oxana Ter",,Payments,,,,,,,,,,,,,,
Walletto (https://www.notion.so/Walletto-17c0f2363964802aac83dd798e4281a4?pvs=21),Walletto_ecom,WorldWide except of sanctioned countries + USA+UA (https://www.notion.so/WorldWide-except-of-sanctioned-countries-USA-UA-17c0f236396480ee9e3dfbeea6e47867?pvs=21),EUR,Live,Ecom STD (https://www.notion.so/Ecom-STD-1580f2363964809c83f8cea9a2443d7c?pvs=21),"4,75%+0,15 EUR",High risk,Trusted,EUR,,,,T+2,,"min  5 eur, max 3000 eur",,sanctioned countries + USA + UA,"Oksana Terpilo-Kunitskaya, Oxana Ter",,Payments,,,,,,,,,,,,,,
DSGPay (https://www.notion.so/DSGPay-fde6afd325c445b386e0c1cf88aacf6d?pvs=21),DSGPay - July 2024 - Australia - PayID LR,🇦🇺 Australia (https://www.notion.so/Australia-be513ea2bc4f4a3ab7b3c9f44e551521?pvs=21),AUD,Upcoming (ready to sell),PayID (https://www.notion.so/PayID-1fb2b582a6234e4984bcf80ac87d2f25?pvs=21),"2% or AUD $1.00 whichever is greater
",Low risk,n/a,"AUD, USD","min 10 000$, SWIFT fee OUR = 60$, SHA=30$, BEN = 10$, 0.20% fee for disbursement for USD, EUR disbursement is 0,2% + SWIFT fee OUR = USD70, SHA = USD60, BEN = USD20",xe.com,"0.35% ",T+3,via disbursement,"min AUD 1 ","AUD 1 - 50 000 USD (equivalent in AUD) ",,Anna Ivanova,,Both,,,,,,,,,,,,,,"0.50 AUD "
My5pay (https://www.notion.so/My5pay-10e0f23639648075b6ddc823d23c15e4?pvs=21),My5pay-September 2024-Indonesia (QRIS),🇮🇩 Indonesia (https://www.notion.so/Indonesia-82f5326738e24e4fbb8b42f471f34bb5?pvs=21),IDR,Upcoming (ready to sell),QRIS (https://www.notion.so/QRIS-70b9567ab1db4465b1a9faa8fd6caf68?pvs=21),"3.50% + IDR 6,500 min IDR 6,250",High risk,Both,"USDT, USD, IDR",0.5% + IDR 6500,Binance,0%,T+0,via disbursement,"IDR 250,000 - IDR 50,000,000","IDR 250,000 - IDR 50,000,000",n/a,Anna Ivanova,,Both,,,,,,,,,,,,,"min IDR 250,000","1.00% +6,500 IDR min IDR 6,250"
PayHub VN (https://www.notion.so/PayHub-VN-2458c1c5dc05405bb6290510558a3bf8?pvs=21),PayHub-January25-Vietnam-Bank Transfer/QR code,🇻🇳 Vietnam (https://www.notion.so/Vietnam-9d3ae854dde54c0c89baf47b97c597ba?pvs=21),VND,Upcoming (ready to sell),Bank transfer - Vietnam (https://www.notion.so/Bank-transfer-Vietnam-d640268b1f6a4943a874c2546dec2085?pvs=21),1.80%,"Adult, Forex, High risk, iGaming",Both,USD,1.80%,"https://vndfxrate.com/ ",0%,T+0,"possible, no fees",Min - 10K VND. Max - Unlimited,"Min - 20K VND, Max - 300 Million VND",no,Anna Ivanova,,Both,,included,,,Nubio,,,USDT,1.80%,,,,"min 30,000 USD for USD and 10,000 USDT for USDT",1.00%
My5pay (https://www.notion.so/My5pay-10e0f23639648075b6ddc823d23c15e4?pvs=21),My5pay-September 2024-Indonesia VA,🇮🇩 Indonesia (https://www.notion.so/Indonesia-82f5326738e24e4fbb8b42f471f34bb5?pvs=21),IDR,Upcoming (ready to sell),Virtual Accounts - Indonesia (https://www.notion.so/Virtual-Accounts-Indonesia-554252e319dc40a3993a15480d0921c0?pvs=21),"2.2% + IDR 6,500 min IDR 6,250",High risk,Both,"USDT, USD, IDR",0.5% + IDR 6500,Binance,0%,T+0,via disbursement,"IDR 250,000 - IDR 50,000,000","IDR 250,000 - IDR 50,000,000",n/a,Anna Ivanova,,Both,,,,,,,,,,,,,"min IDR 250,000","1.00% +6,500 IDR min IDR 6,250"
Accurepay (https://www.notion.so/Accurepay-fac573de80594607856368aa45747906?pvs=21),Accurepay - December 2024 - UPI P2P,🇮🇳 India (https://www.notion.so/India-506e71755d364655868088737e78b6a0?pvs=21),INR,Upcoming (ready to sell),UPI QR&Collect (P2P) (https://www.notion.so/UPI-QR-Collect-P2P-dcd45a6cbf704d04825846866191cf13?pvs=21),5.5%,High risk,FTD,USDT,,Binance P2P,+1%,T+1,,"INR 100-100,000 per trxn both in/out",,,,,Both,,,,,,,,,,,,,,FTD 2% (Daily 2 settlements to Payout balance)
Accurepay (https://www.notion.so/Accurepay-fac573de80594607856368aa45747906?pvs=21),Accurepay - December 2024 - UPI Intent,🇮🇳 India (https://www.notion.so/India-506e71755d364655868088737e78b6a0?pvs=21),INR,Upcoming (ready to sell),UPI Intent (mscd) (https://www.notion.so/UPI-Intent-mscd-07ff113f889643eaad241aed5ae5c73a?pvs=21),5%,High risk,Trusted,USDT,,Binance P2P,+1%,T+1,,minimum 200 INR; maximum 100000 INR;,,,,,Both,,,,,,,,,,,,,,Trusted 2.5% (Daily 2 settlements to Payout balance)
NBCO “Payment Constructor” (Paygine) (https://www.notion.so/NBCO-Payment-Constructor-Paygine-10d3339c0af74a3daf8145a43666626a?pvs=21),Payment Constructor - September 2024 - Russia - SBP,🇷🇺 Russia ⚠️  (https://www.notion.so/Russia-bbaa1a643c1f43bba406f03e1489a319?pvs=21),RUB,Live,SBP QR (https://www.notion.so/SBP-QR-13c0f236396480e6895ff348968b3ee1?pvs=21),1 %,Low risk,Low risk traffic,RUB,-,-,-,T+1,Yes,RUB 1-1000000,,,Yana Kuprina,-,Payments,-,-,,,,,,,,,,,-,Not implemented
"Durian Pay (Proxy Delima 0.14%) (https://www.notion.so/Durian-Pay-Proxy-Delima-0-14-1df0f236396480e8a36af1b5957d3a87?pvs=21), Durian Pay  (https://www.notion.so/Durian-Pay-184370c3ae6a4292a2da74abc373e898?pvs=21)",DurianPay-March-2025-VA,🇮🇩 Indonesia (https://www.notion.so/Indonesia-82f5326738e24e4fbb8b42f471f34bb5?pvs=21),IDR,Live,Virtual Accounts - Indonesia (https://www.notion.so/Virtual-Accounts-Indonesia-554252e319dc40a3993a15480d0921c0?pvs=21),"IDR 3,604","Crypto, Forex, High risk, Low risk, iGaming",n/a,"USDT, EUR, IDR",USD 35,http://xe.com/ + 1% for fiat,,T+1 for USDT,,"Payin VA available banks: 
BRI IDR 15.000 - 25.000.000
BNI IDR 15.000 - 25.000.000
Mandiri IDR 15.000 - 25.000.000
Permata IDR 15.000 - 25.000.000
CIMB not implemented
","Payout VA available banks: 
BRI IDR 10.000 - 500.000.000
BNI IDR 10.000 - 500.000.000
Mandiri IDR 10.000 - 500.000.000
Permata IDR 10.000 - 500.000.000

the list could be expanded according to this list https://docs.durianpay.id/docs/supported-banks-limits",,Yana Kuprina,,Both,,11% not included — applied only on the payment/disbursement fee (fixed or percentage-based),,,,,,0.22%,,"0,14% processing fee - added on the top of the payment fee, no tax applied",,,,"IDR 2,883"
Durian Pay (Proxy Delima 0.14%) (https://www.notion.so/Durian-Pay-Proxy-Delima-0-14-1df0f236396480e8a36af1b5957d3a87?pvs=21),DurianPay-March-2025-QRIS,🇮🇩 Indonesia (https://www.notion.so/Indonesia-82f5326738e24e4fbb8b42f471f34bb5?pvs=21),IDR,Upcoming (ready to sell),QRIS (https://www.notion.so/QRIS-70b9567ab1db4465b1a9faa8fd6caf68?pvs=21),"0,7% ","Crypto, Forex, High risk, Low risk, iGaming",n/a,USD EUR USDT,USD 35,,"http://xe.com/ + 1% for USD/ EUR ","T+1 for USDT
T+0 for USDT
0.1% per transaction on Business Days
0.2% per transaction on Weekends (Saturdays and
Sundays) and Holidays

T+2 for Fiat (twice a week, every Tuesday and Thursday) ",,"IDR 1 - 10,000,000",,,Yana Kuprina,,Payments,,Included,,,,,,,0.22%,"0,14% processing fee - added on the top of the payment fee, no tax applied",,,"USD 10,000 related to fiat ",
Durian Pay (Proxy Delima 0.14%) (https://www.notion.so/Durian-Pay-Proxy-Delima-0-14-1df0f236396480e8a36af1b5957d3a87?pvs=21),DurianPay-March-2025-ShopeePay,🇮🇩 Indonesia (https://www.notion.so/Indonesia-82f5326738e24e4fbb8b42f471f34bb5?pvs=21),IDR,Upcoming (ready to sell),ShopeePay - Indonesia (https://www.notion.so/ShopeePay-Indonesia-38d612ccab07421c914d6fb8e0af9146?pvs=21),"1.8% 
","Crypto, Forex, High risk, Low risk, iGaming",n/a,EUR USD IDR,USD 35 for fiat and 0.22% + USDT for crypto,,,"T+1 for USDT
T+2 for Fiat (twice a week, every Tuesday and Thursday) ",,"IDR 100 - 20,000,000",IDR 10.000 - 20.000.000,,Yana Kuprina,,Both,,11% not included — applied only on the payment/disbursement fee (fixed or percentage-based),,,,,,,,"0,14% processing fee - added on the top of the payment fee, no tax applied
",,,,"IDR 2,883 "
TransactWorld (https://www.notion.so/TransactWorld-13d0f23639648017b298fa23bd4f9cd4?pvs=21),TransactWorld- november 2024 - ecom,Europe (https://www.notion.so/Europe-1580f23639648077ba18f728f43741fd?pvs=21),,Live,Bank cards (https://www.notion.so/Bank-cards-13c0f236396480b18d02cc626e399b84?pvs=21),5%,"High risk, iGaming",,EUR,1%,xe.com,,T+3,EUR 4,EUR 10 -5000,no,,Oksana Terpilo-Kunitskaya,,Payments,,no,,,,,,,,,,,,no
Xpate (https://www.notion.so/Xpate-13e0f2363964806e8e0cd2ea296bce7d?pvs=21),Xpate - november 2024 - ecom,Europe (https://www.notion.so/Europe-1580f23639648077ba18f728f43741fd?pvs=21),,Live,Bank cards (https://www.notion.so/Bank-cards-13c0f236396480b18d02cc626e399b84?pvs=21),"5% + 0.15, min 0,5 EUR",,,EUR,,,,T+3,EUR 2,EUR 5 - 9000,no,,Oksana Terpilo-Kunitskaya,,,,,,,,,,,,,,,,no
Moneta.ru (https://www.notion.so/Moneta-ru-0288a06216ab4aaea4c8d49ef41f5ef4?pvs=21),"Moneta - October 2024 - Russia - SBP ",🇷🇺 Russia ⚠️  (https://www.notion.so/Russia-bbaa1a643c1f43bba406f03e1489a319?pvs=21),,Live,,1%,Low risk,Low risk traffic,RUB,,,,RUB T+1,Yes,RUB 1 - 1.000.000 on trx,Depends on the bank's approval,,,,Both,,No,-,-,,,,,,,,,-,1%
My5pay (https://www.notion.so/My5pay-10e0f23639648075b6ddc823d23c15e4?pvs=21),My5pay-September 2024-Malaysia,🇲🇾 Malaysia (https://www.notion.so/Malaysia-88b1cf55a464416ea9e4d2dc600f2669?pvs=21),MYR,Upcoming (ready to sell),"FPX - Malaysia (https://www.notion.so/FPX-Malaysia-65c9708af7eb4ce69fa245e2fac2ae33?pvs=21), Bank transfer - Malaysia (https://www.notion.so/Bank-transfer-Malaysia-10e0f236396480408390d8b0e30cecbb?pvs=21), QR transfer - Malaysia (https://www.notion.so/QR-transfer-Malaysia-10e0f23639648035b614f02dd3276b0e?pvs=21)",2.20% min MYR1,High risk,Both,"USDT, USD, MYR",MYR 10 (Min MYR 40),Binance,0%,T+0,via disbursement,"FPX and Bank transfer: MYR 40 - MYR 40,000 
QR Transfers: 
CIMB -10,000
RHB - 50,000
UOB - 1,000
TNG - 5,000
AMBANK - 50,000
MBB - 1,000","MYR 40 - MYR 50,000",n/a,Anna Ivanova,,Both,,,,,,,,,,,,,min MYR 50,1% min 2MYR
My5pay (https://www.notion.so/My5pay-10e0f23639648075b6ddc823d23c15e4?pvs=21),My5pay-September 2024-Vietnam-Bank transfer,🇻🇳 Vietnam (https://www.notion.so/Vietnam-9d3ae854dde54c0c89baf47b97c597ba?pvs=21),VND,Upcoming (ready to sell),"FPX-Vietnam (https://www.notion.so/FPX-Vietnam-10e0f236396480ccbf0fc2c96f5821be?pvs=21), Bank transfer - Vietnam (https://www.notion.so/Bank-transfer-Vietnam-d640268b1f6a4943a874c2546dec2085?pvs=21)",2.20% min VND 2500,High risk,Both,"USDT, USD, VND","VND 50,000 (Min  amount transfer VND 30,000)",Binance,0%,T+0,via disbursement,"VND 10,000 - VND 300,000,000","VND 30,000 - VND 300,000,000",n/a,Anna Ivanova,,Both,,,,,,,,,,,,,"min VND 30,000","1.00% min VND 10,000"
PagSmile (https://www.notion.so/PagSmile-222c7b6d15e44541a7920371d96e6357?pvs=21),PagSmile - May 2024 - Mexico - Codi,🇲🇽 Mexico (https://www.notion.so/Mexico-6e45b2842aa0412a8ede042a4eddc6a4?pvs=21),MXN,Upcoming (ready to sell),CoDi (https://www.notion.so/CoDi-ce1e69d8a979496e82babb2aecdef5a8?pvs=21),"0.46% ",High risk,Both,"USD, EUR",USD/EUR 50.00,xe.com,2.00%,"T+7 = EUR / USD
T+3 = USDT",USD 1.00,"8~10,000,000",,,Anna Ivanova,,Payments,,Included,1%,T+1,"DPS, GFI",no,MXN 4.00,USDT,1% + 50 USDT,,,,,
PagSmile (https://www.notion.so/PagSmile-222c7b6d15e44541a7920371d96e6357?pvs=21),PagSmile - May 2024 - Colombia - Cash payment,🇨🇴 Colombia (https://www.notion.so/Colombia-23af280c5e9f4256927b941f58d637e1?pvs=21),COP,Upcoming (ready to sell),"Bancolombia (https://www.notion.so/Bancolombia-9d4c571aa98b44288aa0edab87bc490d?pvs=21), Su Red (https://www.notion.so/Su-Red-550b624d5ca84dfdbc9a270954e33098?pvs=21), Efecty (https://www.notion.so/Efecty-924b0dc263ea475e8c67b477bafb6ebe?pvs=21), Gana (https://www.notion.so/Gana-84646e371b924857870adb4c67b0effe?pvs=21)","4,17 % ",High risk,Both,"USD, EUR",USD/EUR 50.00,xe.com,2.00%,"T+7 = EUR / USD
T+3 = USDT",USD 1.00,,,,Anna Ivanova,,Payments,,Included,1%,T+1,"DPS, GFI",no,"COP 2000 ",USDT,1% + 50 USDT,,,,,
PagSmile (https://www.notion.so/PagSmile-222c7b6d15e44541a7920371d96e6357?pvs=21),PagSmile - May 2024 - Colombia - Bank Transfer,🇨🇴 Colombia (https://www.notion.so/Colombia-23af280c5e9f4256927b941f58d637e1?pvs=21),COP,Upcoming (ready to sell),PSE (https://www.notion.so/PSE-1adee6d3211143b1b0866e576b940619?pvs=21),"1,19 % ",High risk,Both,"USD, EUR",USD/EUR 50.00,xe.com,2.00%,"T+7 = EUR / USD
T+3 = USDT",USD 1.00,,,,Anna Ivanova,,Both,,Included,1%,T+1,"DPS, GFI",no,"COP 2000 ",USDT,1% + 50 USDT,,,,,
PayFuture (https://www.notion.so/PayFuture-9313c19139254c6a87e1eabe616b0987?pvs=21),PayFuture - July 2024 - Egypt - Fawry wallet,🇪🇬 Egypt (https://www.notion.so/Egypt-683bd8fbf72c46b893fb39e053074f40?pvs=21),,Live,Fawry wallet (https://www.notion.so/Fawry-wallet-dda2bc7da1c741fdb03ea68ab150ac18?pvs=21),"5.50% 
",,,"USD, EUR, GBP, USDT",1.50%,"Internal rate, ~(+9)% vs http://XE.com",,T+5,4.50%,,"USD 10,000",,Yana Kuprina,"USD 2,000 if turnover is < USD 150K monthly",,,,,,,,,,,,,,,4.50%
DSGPay (https://www.notion.so/DSGPay-fde6afd325c445b386e0c1cf88aacf6d?pvs=21),DSGPay - July 2024 - Hong Kong - CHATS,🇭🇰 Hong Kong (https://www.notion.so/Hong-Kong-ec6bac6ed3da4d429003a93db1802550?pvs=21),HKD,Upcoming (ready to sell),CHATS - HK (https://www.notion.so/CHATS-HK-9a9fc9a558174c5fa41c1604803f8e87?pvs=21),2.00% high risk,"Forex, High risk",Both,"EUR, USD for payments","min 10000$, incoming USD per transaction OUR=60, SHA=30, BEN=10 and outgoing 0.2% + same SWIFT for USD and SWIFT OUR = USD70, SHA = USD60, BEN = USD20 for EUR",xe.com,"0.35% ",T+3,via disbursements,min 100 USD,"HKD, CNH, USD, EUR T",,Anna Ivanova,,,,,,,,,,,,,,,,0.60%+10$/17$/17$
DSGPay (https://www.notion.so/DSGPay-fde6afd325c445b386e0c1cf88aacf6d?pvs=21),DSGPay - July 2024 - Hong Kong - Dynamic Virtual Account,🇭🇰 Hong Kong (https://www.notion.so/Hong-Kong-ec6bac6ed3da4d429003a93db1802550?pvs=21),HKD,Upcoming (ready to sell),Virtual Account - HK (https://www.notion.so/Virtual-Account-HK-b37acb5f3a3041b0b5e444636fd45e94?pvs=21),2.00% high risk,"Forex, High risk",Both,"HKD, USD","min 10000$, incoming USD per transaction OUR=60, SHA=30, BEN=10 and outgoing 0.2% + same SWIFT for USD and SWIFT OUR = USD70, SHA = USD60, BEN = USD20 for EUR",xe.com,"0.35% ",T+3,via disbursements,none,"HKD, CNH, T/T+1",,Anna Ivanova,,,,,,,,,,,,,,,,0.60%+1.50$
Yaspa (https://www.notion.so/Yaspa-979be8ebd6d54a29a84a48c3941de8a3?pvs=21),YASPA-August24-Open Banking EU,"🇦🇹 Austria (https://www.notion.so/Austria-8a8c4621fbf54875acaeb810b1e05d21?pvs=21), 🇬🇧 United Kingdom (UK) (https://www.notion.so/United-Kingdom-UK-f227ebd8a1ae45d28005f62bc311a794?pvs=21), 🇪🇸 Spain (https://www.notion.so/Spain-2c4ab53e04f8448685aff88b06a4717d?pvs=21), 🇷🇴 Romania (https://www.notion.so/Romania-3e13efe4055b40ffb0b0a7ae69af9cc2?pvs=21), 🇵🇹 Portugal (https://www.notion.so/Portugal-55f839a3eb394e0e8985cc42223babc6?pvs=21), 🇵🇱 Poland (https://www.notion.so/Poland-74cb72e2a9554b7fa38c04b53ed745c5?pvs=21), 🇳🇴 Norway (https://www.notion.so/Norway-8978da1edb734f10839c6d2afe0bddeb?pvs=21), 🇳🇱 Netherlands (https://www.notion.so/Netherlands-f9345e4fac5540c98d5877a8f15a36a2?pvs=21), 🇱🇹 Lithuania (https://www.notion.so/Lithuania-8ef2b28a26a04f4f9955d0ce338efe36?pvs=21), 🇱🇻 Latvia (https://www.notion.so/Latvia-a3401c63f995436ba706096eb94bb70f?pvs=21), 🇮🇹 Italy (https://www.notion.so/Italy-400be0c5b3e342c18811bc9bb01583c0?pvs=21), 🇮🇪 Ireland (https://www.notion.so/Ireland-90ccb50a2785479482b18e7ecd0eac0b?pvs=21), 🇩🇪 Germany (https://www.notion.so/Germany-29965a86b55145689c424681a33407e9?pvs=21), 🇫🇷 France (https://www.notion.so/France-46e46fcf7d364b44a472241a11339793?pvs=21), 🇫🇮 Finland (https://www.notion.so/Finland-d7ead42c74414818985530ad7179dea9?pvs=21), 🇪🇪 Estonia (https://www.notion.so/Estonia-cd8e700d83554e2d937714f68a345c91?pvs=21), 🇩🇰 Denmark (https://www.notion.so/Denmark-02b88385f98b43229722b4b330f84452?pvs=21), 🇧🇪 Belgium (https://www.notion.so/Belgium-1e223c10015447c8abbcb99a5a4fb432?pvs=21)",EUR,Upcoming (ready to sell),"Pay by Bank - DE (https://www.notion.so/Pay-by-Bank-DE-7746804f6dd844ffad6ba982ed85bf7d?pvs=21), Pay by Bank - FR (https://www.notion.so/Pay-by-Bank-FR-5f5e4ec5b6c24cf8b092d5ac7d8762a7?pvs=21), Pay by Bank - IE (https://www.notion.so/Pay-by-Bank-IE-1ec21cc1f9004bcdb9d09da833fee151?pvs=21), Pay by Bank - IT (https://www.notion.so/Pay-by-Bank-IT-f037627543904cf8a7b07d7630220234?pvs=21), Pay by Bank - AT (https://www.notion.so/Pay-by-Bank-AT-fa7ecbcee4f64f6591eff8f3b40df329?pvs=21), Pay by Bank - ES (https://www.notion.so/Pay-by-Bank-ES-2d41e98dedff4f0fbd3b2d0980e12810?pvs=21), Pay by Bank - PL (https://www.notion.so/Pay-by-Bank-PL-20ac5b25f58d4ee7b825af06bfb69422?pvs=21), Pay by Bank - LT (https://www.notion.so/Pay-by-Bank-LT-1b4d21eed4db4b27950213aef77cca2e?pvs=21), Pay by Bank - NL (https://www.notion.so/Pay-by-Bank-NL-961a1055dca646a2a24e1e736eafa89e?pvs=21), Pay by Bank - FI (https://www.notion.so/Pay-by-Bank-FI-341d2f699de6476ea9d87582f7c87d50?pvs=21), Pay by Bank - PT (https://www.notion.so/Pay-by-Bank-PT-fff0f23639648057b4aee35eb37d3a48?pvs=21), Pay by Bank - RO (https://www.notion.so/Pay-by-Bank-RO-8701510fd6064fcca0d29fad299c5d8a?pvs=21), Pay by Bank - DK (https://www.notion.so/Pay-by-Bank-DK-3ce3099d8d1d42b19b861fe4967ec5a9?pvs=21), Pay by Bank - BE (https://www.notion.so/Pay-by-Bank-BE-5b162bb2988948ebb10c9a8d76ae0a6a?pvs=21), Pay by Bank - UK (https://www.notion.so/Pay-by-Bank-UK-203a331adeca4bf9b9175563fff8ee7d?pvs=21)","Tiered commercials for Payins:
<2mill a month - 1.0%
2-5mill a month - 0.8%
5-10 million a month - 0.65%
10million + a month 0.5%",High risk,Both,GBP (monthly invoice),n/a,n/a,n/a,monthly invoice,,,,,Anna Ivanova,,Payments,"GBP 1,500",,,,,,,,,,,,,GBP 0.50
"Durian Pay  (https://www.notion.so/Durian-Pay-184370c3ae6a4292a2da74abc373e898?pvs=21), Durian Pay (Proxy Delima 0.14%) (https://www.notion.so/Durian-Pay-Proxy-Delima-0-14-1df0f236396480e8a36af1b5957d3a87?pvs=21)",DurianPay - March 2025 - Indonesia - DANA,🇮🇩 Indonesia (https://www.notion.so/Indonesia-82f5326738e24e4fbb8b42f471f34bb5?pvs=21),IDR,Live,DANA (https://www.notion.so/DANA-4ab88cc029eb4ca990a44a510effbfbe?pvs=21),"1.50% ","Crypto, Forex, High risk, Low risk, iGaming",n/a,"IDR, USD, EUR",USD 35,,,"T+1 for USDT
T+2 for Fiat (twice a week, every Tuesday and Thursday) ",,"100 - 20,000,000",20.500 - 20.000.000,,Yana Kuprina,,Both,,11% not included — applied only on the payment/disbursement fee (fixed or percentage-based),,,,,,,"0.22% ","0,14% processing fee - added on the top of the payment fee, no tax applied",,,,"IDR 2,883"
"Durian Pay  (https://www.notion.so/Durian-Pay-184370c3ae6a4292a2da74abc373e898?pvs=21), Durian Pay (Proxy Delima 0.14%) (https://www.notion.so/Durian-Pay-Proxy-Delima-0-14-1df0f236396480e8a36af1b5957d3a87?pvs=21)",DurianPay - March 2025 - Indonesia - OVO,🇮🇩 Indonesia (https://www.notion.so/Indonesia-82f5326738e24e4fbb8b42f471f34bb5?pvs=21),IDR,Live,OVO (https://www.notion.so/OVO-24c88ad0da7a49a29e6ee8054a225e0e?pvs=21),"1.5% ","Crypto, Forex, High risk, Low risk, iGaming",n/a,"USD, EUR, IDR","USD 35 ",,"http://xe.com/ + 1% for USD/ EUR ","T+1 for USDT
T+2 for Fiat (twice a week, every Tuesday and Thursday)",,"1 - 20,000,000",10.000 - 20.000.000,,Yana Kuprina,,Both,,11% not included — applied only on the payment/disbursement fee (fixed or percentage-based),,,,,,,"0.22% ","0,14% processing fee - added on the top of the payment fee, no tax applied","IDR 2,883 ",,,"IDR 2,883"
FlutterWave (https://www.notion.so/FlutterWave-d61cce2f28804614979b741405927745?pvs=21),Flutterwave - June 2024 - Egypt,🇪🇬 Egypt (https://www.notion.so/Egypt-683bd8fbf72c46b893fb39e053074f40?pvs=21),,Upcoming (ready to sell),Fawry wallet (https://www.notion.so/Fawry-wallet-dda2bc7da1c741fdb03ea68ab150ac18?pvs=21),"Low risk: 2.3% + 2 EGP
High risk: 4.00% ",,Both,"EUR, USD, USDC",Low risk: 2.00%,,,"T+1 national
T+2 Africa 
HIGH RISK T+7 outside Africa
LOW RISK T+14 outside Africa",USD 3.50,,,,Anna Ivanova,,,,,,,,,,,,,,,,Bank Transfer: 1.5% of Transaction amount (min fee - 40 EGP and Max - 125 EGP)
OPN Thailand (https://www.notion.so/OPN-Thailand-b074c1515b87484bb9c8c342c18f3d93?pvs=21),OPN - May 2024 -  ShopeePay,🇹🇭 Thailand (https://www.notion.so/Thailand-3d224d0234654e4ebddbb4e2eda6b589?pvs=21),THB,Upcoming (ready to sell),ShopeePay - Thailand (https://www.notion.so/ShopeePay-Thailand-87c07d183d66439b99adef00e6aed44c?pvs=21),2.01%,Low risk,n/a,EUR,THB 1500,Bank of Thailand https://www.bot.or.th/en/statistics/exchange-rate.html,0%,T+5,free,THB 20-150k,,no,Anna Ivanova,,Payments,,"• 7% VAT excluded, added on top of fee.
• Applied even if refund or cancellation occurs.
• example:
    ◦ Transaction: 1,000 THB at 2% MDR.
    ◦ Fee: 20 THB.
    ◦ VAT: 7% of 20 THB = 1.40 THB.
    ◦ Total balance: 978.60 THB.",,,,,,no,no,,,,no,no
OPN Thailand (https://www.notion.so/OPN-Thailand-b074c1515b87484bb9c8c342c18f3d93?pvs=21),OPN - May 2024 -  LINE Pay,🇹🇭 Thailand (https://www.notion.so/Thailand-3d224d0234654e4ebddbb4e2eda6b589?pvs=21),THB,Upcoming (ready to sell),LINE Pay (https://www.notion.so/LINE-Pay-6a7e1130a09f4e7185de75d39f80cf33?pvs=21),"2.51% for non-digital content
10.01% for digital content",Low risk,n/a,EUR,THB 1500,Bank of Thailand https://www.bot.or.th/en/statistics/exchange-rate.html,0%,T+5,free,THB 20-150k,,no,Anna Ivanova,,Payments,,"• 7% VAT excluded, added on top of fee.
• Applied even if refund or cancellation occurs.
• example:
    ◦ Transaction: 1,000 THB at 2% MDR.
    ◦ Fee: 20 THB.
    ◦ VAT: 7% of 20 THB = 1.40 THB.
    ◦ Total balance: 978.60 THB.",,,,,,no,no,,,,no,no
OPN Thailand (https://www.notion.so/OPN-Thailand-b074c1515b87484bb9c8c342c18f3d93?pvs=21),OPN - May 2024 -  TrueMoney,🇹🇭 Thailand (https://www.notion.so/Thailand-3d224d0234654e4ebddbb4e2eda6b589?pvs=21),THB,Upcoming (ready to sell),TrueMoney Wallet (https://www.notion.so/TrueMoney-Wallet-9de697ba49dc4d3a914a4910f0f4ddd1?pvs=21),"2.5% for non-digital content
10% for digital content",Low risk,n/a,EUR,THB 1500,Bank of Thailand https://www.bot.or.th/en/statistics/exchange-rate.html,0%,T+5,free,THB 20 - 150k,,no,Anna Ivanova,,Payments,,"• 7% VAT excluded, added on top of fee.
• Applied even if refund or cancellation occurs.
• example:
    ◦ Transaction: 1,000 THB at 2% MDR.
    ◦ Fee: 20 THB.
    ◦ VAT: 7% of 20 THB = 1.40 THB.
    ◦ Total balance: 978.60 THB.",,,,,,no,no,,,,no,no
OPN Thailand (https://www.notion.so/OPN-Thailand-b074c1515b87484bb9c8c342c18f3d93?pvs=21),OPN - May 2024 -  Internet Banking,🇹🇭 Thailand (https://www.notion.so/Thailand-3d224d0234654e4ebddbb4e2eda6b589?pvs=21),THB,Upcoming (ready to sell),Internet banking - Thailand (https://www.notion.so/Internet-banking-Thailand-0d27d4c28baa4971b2105461e7b1e920?pvs=21),2.01%,Low risk,n/a,EUR,THB 1500,Bank of Thailand https://www.bot.or.th/en/statistics/exchange-rate.html,0%,T+5,free,THB 20-150k,,no,Anna Ivanova,,Payments,,"• 7% VAT excluded, added on top of fee.
• Applied even if refund or cancellation occurs.
• example:
    ◦ Transaction: 1,000 THB at 2% MDR.
    ◦ Fee: 20 THB.
    ◦ VAT: 7% of 20 THB = 1.40 THB.
    ◦ Total balance: 978.60 THB.",,,,,,no,no,,,,no,no
OPN Thailand (https://www.notion.so/OPN-Thailand-b074c1515b87484bb9c8c342c18f3d93?pvs=21),OPN - May 2024 -  Mobile Banking,🇹🇭 Thailand (https://www.notion.so/Thailand-3d224d0234654e4ebddbb4e2eda6b589?pvs=21),THB,Upcoming (ready to sell),Mobile banking - Thailand (https://www.notion.so/Mobile-banking-Thailand-d160482c87184f40b2b5f914e4cc9de5?pvs=21),2.01%,Low risk,n/a,EUR,THB 1500,Bank of Thailand https://www.bot.or.th/en/statistics/exchange-rate.html,0%,T+5,free,THB 20-150k,,no,Anna Ivanova,,Payments,,"• 7% VAT excluded, added on top of fee.
• Applied even if refund or cancellation occurs.
• example:
    ◦ Transaction: 1,000 THB at 2% MDR.
    ◦ Fee: 20 THB.
    ◦ VAT: 7% of 20 THB = 1.40 THB.
    ◦ Total balance: 978.60 THB.",,,,,,no,no,,,,no,no
OPN Thailand (https://www.notion.so/OPN-Thailand-b074c1515b87484bb9c8c342c18f3d93?pvs=21),OPN - May 2024 -  PromptPay,🇹🇭 Thailand (https://www.notion.so/Thailand-3d224d0234654e4ebddbb4e2eda6b589?pvs=21),THB,Upcoming (ready to sell),PromptPay (https://www.notion.so/PromptPay-66e94ab8ed32468893f91fb877ce7cdb?pvs=21),2.01%,Low risk,n/a,EUR,THB 1500,Bank of Thailand https://www.bot.or.th/en/statistics/exchange-rate.html,0%,T+5,free,THB 20-150k,,no,Anna Ivanova,,Payments,,"• 7% VAT excluded, added on top of fee.
• Applied even if refund or cancellation occurs.
• example:
    ◦ Transaction: 1,000 THB at 2% MDR.
    ◦ Fee: 20 THB.
    ◦ VAT: 7% of 20 THB = 1.40 THB.
    ◦ Total balance: 978.60 THB.",,,GFI,,,no,no,,,,no,no
Fintecture (https://www.notion.so/Fintecture-06505fe1b349431e90ff85ddc11f251a?pvs=21),Fintecture/Bilderlings-July2024-PayByBank,Europe (https://www.notion.so/Europe-1580f23639648077ba18f728f43741fd?pvs=21),EUR,Live,"Pay by Bank - PT (https://www.notion.so/Pay-by-Bank-PT-fff0f23639648057b4aee35eb37d3a48?pvs=21), Pay by Bank - IT (https://www.notion.so/Pay-by-Bank-IT-f037627543904cf8a7b07d7630220234?pvs=21), Pay by Bank - LU (https://www.notion.so/Pay-by-Bank-LU-45a429f10183408d96eab4761fbd612c?pvs=21), Pay by Bank - FI (https://www.notion.so/Pay-by-Bank-FI-341d2f699de6476ea9d87582f7c87d50?pvs=21), Pay by Bank - ES (https://www.notion.so/Pay-by-Bank-ES-2d41e98dedff4f0fbd3b2d0980e12810?pvs=21), Pay by Bank - BE (https://www.notion.so/Pay-by-Bank-BE-5b162bb2988948ebb10c9a8d76ae0a6a?pvs=21)",2.40%,High risk,Trusted,EUR,0,Kraken,0%,Instant or T+1,no,"EUR 1.00 - EUR 100,000",,"Netherlands, Germany, France",Anna Ivanova,,Payments,,,,,GFI,EUR 0.15,no,USDT/USDC,0.8%,"<15 mln. - 1.45% + €0,15
15-50 mln. - 1,25% + €0,15
>50 mln. - 1% + €0,15",no,no,n/a,No
DSGPay (https://www.notion.so/DSGPay-fde6afd325c445b386e0c1cf88aacf6d?pvs=21),DSGPay - July 2024 - Philippines - Bank Transfer,🇵🇭 Philippines (https://www.notion.so/Philippines-ab5d2fa696a8438086203f3d2d99329c?pvs=21),PHP,Upcoming (ready to sell),Bank Transfer - Philippines (https://www.notion.so/Bank-Transfer-Philippines-e253f47672184749ae2695c9772154a1?pvs=21),"1.85% ","Forex, High risk",Both,USD,,xe.com,"0.35% ",T+3,via disbursements,none,"0.85%+3USD (Instapay), 0.5%+3USD(Pesonet)",,Anna Ivanova,,,,,,,,,,,,,,,,
DSGPay (https://www.notion.so/DSGPay-fde6afd325c445b386e0c1cf88aacf6d?pvs=21),DSGPay - July 2024 - Philippines - GCash,🇵🇭 Philippines (https://www.notion.so/Philippines-ab5d2fa696a8438086203f3d2d99329c?pvs=21),PHP,Upcoming (ready to sell),GCash (https://www.notion.so/GCash-4d201533a7404a32a498a3fcb0746578?pvs=21),"3.0% ","Forex, High risk",Both,USD,,xe.com,"0.35% ",T+3,via disbursements,none,,,Anna Ivanova,,,,,,,,,,,,,,,,
DSGPay (https://www.notion.so/DSGPay-fde6afd325c445b386e0c1cf88aacf6d?pvs=21),DSGPay - July 2024 - Indonesia - VA Indonesia,🇮🇩 Indonesia (https://www.notion.so/Indonesia-82f5326738e24e4fbb8b42f471f34bb5?pvs=21),IDR,Upcoming (ready to sell),Virtual Accounts - Indonesia (https://www.notion.so/Virtual-Accounts-Indonesia-554252e319dc40a3993a15480d0921c0?pvs=21),"1.5% ",Forex,Both,USD,,xe.com,"0.35% ",T+3,via disbursements,min 4500 IDR,"T/T+1, max IDR 25mln = approx 1800 USD",,Anna Ivanova,,,,,,,,,,,,,,,,0.50%+1.5 USD
DSGPay (https://www.notion.so/DSGPay-fde6afd325c445b386e0c1cf88aacf6d?pvs=21),DSGPay - July 2024 - Malaysia - VA Malaysia,🇲🇾 Malaysia (https://www.notion.so/Malaysia-88b1cf55a464416ea9e4d2dc600f2669?pvs=21),MYR,Upcoming (ready to sell),Virtual Account - Malaysia (https://www.notion.so/Virtual-Account-Malaysia-058859c37aff4f07aac00794aa9e548a?pvs=21),"2.3% ","Forex, High risk",Both,USD,,xe.com,"0.35% ",T+3,via disbursements,none,,,Anna Ivanova,,,,,,,,,,,,,,,,0.50% +1 USD
DSGPay (https://www.notion.so/DSGPay-fde6afd325c445b386e0c1cf88aacf6d?pvs=21),DSGPay - July 2024 - Hong Kong - QR,🇭🇰 Hong Kong (https://www.notion.so/Hong-Kong-ec6bac6ed3da4d429003a93db1802550?pvs=21),HKD,Upcoming (ready to sell),Bank Transfer/QR - HongKong (https://www.notion.so/Bank-Transfer-QR-HongKong-24619bfe3f764d6cb9f31f49bf76015e?pvs=21),1.5% low risk and 2.60% high risk,"Forex, High risk",Both,"HKD, USD","min 10000$, incoming USD per transaction OUR=60, SHA=30, BEN=10 and outgoing 0.2% + same SWIFT for USD and SWIFT OUR = USD70, SHA = USD60, BEN = USD20 for EUR",xe.com,"0.35% ",T+3,via disbursements,"4 mln HKD max payment and 2mln HKD disbursement ","HKD, CNH, T/T+1",,Anna Ivanova,,,,,,,,,,,,,,,,"0.5%+0.5 USD low risk, 0.60%+1.50$"
PagSmile (https://www.notion.so/PagSmile-222c7b6d15e44541a7920371d96e6357?pvs=21),PagSmile - May 2024 - Panama - Cash,🇵🇦 Panama (https://www.notion.so/Panama-2c498ac385db4ba2991f2bd310176854?pvs=21),PAB,Upcoming (ready to sell),Cash Payment - Panama (https://www.notion.so/Cash-Payment-Panama-a9996ebc05bd4f2b99a8c0c17e6edaed?pvs=21),"4,82% min 1 USD",High risk,Both,"USD, EUR, USDT",USD/EUR/USDT 50.00,xe.com,2.00%,"T+7 = EUR / USD
T+3 = USDT",USD 1.00,1~200,,,Anna Ivanova,,Payments,,Included,1%,T+1,"DPS, GFI",no,,,1% + 50 USDT,,,,,
PagSmile (https://www.notion.so/PagSmile-222c7b6d15e44541a7920371d96e6357?pvs=21),PagSmile - May 2024 - Ecuador - Cash Payments,"🇪🇨 Ecuador (https://www.notion.so/Ecuador-1620f236396480c68846d096abc12381?pvs=21), 🇪🇨 Ecuador (https://www.notion.so/Ecuador-37351aca262d4777a1578937ed506541?pvs=21)",USD,Upcoming (ready to sell),"Red Activa (https://www.notion.so/Red-Activa-2226e3d114104f3a8a53544647895926?pvs=21), TIA (https://www.notion.so/TIA-1580f236396480e78689ce61f069d524?pvs=21)","10% ",High risk,Both,"USD, EUR",USD/EUR 50.00,xe.com,2.00%,"T+7 = EUR / USD
T+3 = USDT",USD 1.00,"8~7,500",,,Anna Ivanova,,Payments,,Included,1%,T+1,"DPS, GFI",no,"USD 1.00 ",USDT,1% + 50 USDT,,,,,
PagSmile (https://www.notion.so/PagSmile-222c7b6d15e44541a7920371d96e6357?pvs=21),PagSmile - May 2024 - Colombia - E-Wallets,🇨🇴 Colombia (https://www.notion.so/Colombia-23af280c5e9f4256927b941f58d637e1?pvs=21),COP,Upcoming (ready to sell),"Tpaga (https://www.notion.so/Tpaga-8dcc1211e5b64c9a86ceadd30ec5b8cc?pvs=21), DaviPlata (https://www.notion.so/DaviPlata-576fd8acfe4f4146ae037c2a090277b8?pvs=21), Nequi (https://www.notion.so/Nequi-ead19f9b22cc4d0fb795a6f534c8288d?pvs=21), Rappipay (https://www.notion.so/Rappipay-f646a1052c0a4b469d84af66b8380a08?pvs=21), Movii (https://www.notion.so/Movii-9f4c7171f1d64178a96454388b503afb?pvs=21), Dale! (https://www.notion.so/Dale-a2f2216c91aa436e99003e1459c17de8?pvs=21), ClaroPay (https://www.notion.so/ClaroPay-46d81a9be202443b98760e573ee6879c?pvs=21)","4,17 % ",High risk,Both,"USD, EUR",USD/EUR 50.00,xe.com,2.00%,"T+7 = EUR / USD
T+3 = USDT",USD 1.00,,,,Anna Ivanova,,Payments,,Included,1%,T+1,"DPS, GFI",no,"COP 2000 ",USDT,1% + 50 USDT,,,,,
PagSmile (https://www.notion.so/PagSmile-222c7b6d15e44541a7920371d96e6357?pvs=21),PagSmile - May 2024 - Peru - E-Wallets,🇵🇪 Peru (https://www.notion.so/Peru-1ff7bbf3e4ee473b9cc2dd067b9d598b?pvs=21),PEN,Upcoming (ready to sell),"Yape / Plin (Wallets) Peru (https://www.notion.so/Yape-Plin-Wallets-Peru-1857bfd88e1e4d1aa44f73dfb1bd8a33?pvs=21), e-Wallets Peru (https://www.notion.so/e-Wallets-Peru-f2b80c5ed81247928667704307c17913?pvs=21)",4.13%,High risk,Both,"USD, EUR",USD/EUR 50.00,xe.com,2.00%,"T+7 = EUR / USD
T+3 = USDT",USD 1.00,"8~3,750",,,Anna Ivanova,,Payments,,Included,1%,T+1,"DPS, GFI",no,,USDT,1% + 50 USDT,,,,,
PagSmile (https://www.notion.so/PagSmile-222c7b6d15e44541a7920371d96e6357?pvs=21),PagSmile - May 2024 - Peru - Cash Payment,🇵🇪 Peru (https://www.notion.so/Peru-1ff7bbf3e4ee473b9cc2dd067b9d598b?pvs=21),PEN,Upcoming (ready to sell),Cash Payment - Peru (https://www.notion.so/Cash-Payment-Peru-5b243177bd904eb5a11f16b847011ef3?pvs=21),"3.54% ",High risk,Both,"USD, EUR",USD/EUR 50.00,xe.com,2.00%,"T+7 = EUR / USD
T+3 = USDT",USD 1.00,"5~1,000",,,Anna Ivanova,,Payments,,Included,1%,T+1,"DPS, GFI",no,"PEN 2.00 ",USDT,1% + 50 USDT,,,,,
PagSmile (https://www.notion.so/PagSmile-222c7b6d15e44541a7920371d96e6357?pvs=21),PagSmile - May 2024 - Peru - Bank Transfer,🇵🇪 Peru (https://www.notion.so/Peru-1ff7bbf3e4ee473b9cc2dd067b9d598b?pvs=21),PEN,Live,Bank Transfer - Peru (https://www.notion.so/Bank-Transfer-Peru-bd07725758fb49bcaecac203034b4bc0?pvs=21),"2.36% ",High risk,Both,"USD, EUR",USD/EUR 50.00,xe.com,2.00%,"T+7 = EUR / USD
T+3 = USDT",USD 1.00,"5~50,000","5~50,000",,Anna Ivanova,,Both,,Included,1%,T+1,"DPS, GFI",no,"PEN 2 ",USDT,1% + 50 USDT,,,,,2.5%
PagSmile (https://www.notion.so/PagSmile-222c7b6d15e44541a7920371d96e6357?pvs=21),PagSmile - May 2024 - Mexico - SPEI,🇲🇽 Mexico (https://www.notion.so/Mexico-6e45b2842aa0412a8ede042a4eddc6a4?pvs=21),MXN,Live,SPEI (https://www.notion.so/SPEI-c0517a32c4194f6d85ad5e6442f25080?pvs=21),"0.46% ",High risk,Both,"USD, EUR",USD/EUR 50.00,xe.com,2.00%,"T+7 = EUR / USD
T+3 = USDT",USD 1.00,"8~10,000,000",,,Anna Ivanova,,Both,,Included,1%,T+1,"DPS, GFI",no,MXN 4.00,USDT,1% + 50 USDT,,,,,
PagSmile (https://www.notion.so/PagSmile-222c7b6d15e44541a7920371d96e6357?pvs=21),PagSmile - May 2024 - Mexico - OXXOPay/Cash Payments,🇲🇽 Mexico (https://www.notion.so/Mexico-6e45b2842aa0412a8ede042a4eddc6a4?pvs=21),MXN,Live,"OXXOPay (https://www.notion.so/OXXOPay-ed8fd69215234f50aa0e69ad298fb119?pvs=21), Cash Payment - Mexico (https://www.notion.so/Cash-Payment-Mexico-50d449179c1e43eb9622a9f2c3711162?pvs=21)","4.29% ",High risk,Both,"USD, EUR",USD/EUR 50.00,xe.com,2.00%,"T+7 = EUR / USD
T+3 = USDT",USD 1.00,"10~9,999 (OxxoPay)
8~9,999 (Cash)",,,Anna Ivanova,,Payments,,Included,1%,T+1,"DPS, GFI",no,MXN 8.00,USDT,1% + 50 USDT,,,,,
PagSmile (https://www.notion.so/PagSmile-222c7b6d15e44541a7920371d96e6357?pvs=21),PagSmile - May 2024 - Argentina - RapiPago,🇦🇷 Argentina   (https://www.notion.so/Argentina-9830c08fde384c97adcdc05403128938?pvs=21),ARS,Upcoming (ready to sell),"Rapipago Argentina (https://www.notion.so/Rapipago-Argentina-b6c4fa8a1eba47b48819245b1f3718f6?pvs=21), Rapipago (https://www.notion.so/Rapipago-11b0f2363964809ab675fc29fee04c2b?pvs=21)","4.24% ",High risk,Both,"USD, EUR",USD/EUR 50.00,bluedollar.net/informal-rate,2.00%,"T+7 = EUR / USD
T+3 = USDT",USD 1.00,"30~5,000,000 (rapipago)",,,Anna Ivanova,,Payments,,Included,1%,T+1,"DPS, GFI",no,ARS 1000,USDT,1% + 50 USDT,,,,,
PagSmile (https://www.notion.so/PagSmile-222c7b6d15e44541a7920371d96e6357?pvs=21),PagSmile - May 2024 - Costa Rica - Bank Transfer,🇨🇷 Costa Rica (https://www.notion.so/Costa-Rica-8cf50c5943964d8f847444f87bb469c5?pvs=21),CRC,Upcoming (ready to sell),"Banco Nacional (https://www.notion.so/Banco-Nacional-a2577a19a34b4912b7cac5542b7af74a?pvs=21), Banco Nacional de Costa (https://www.notion.so/Banco-Nacional-de-Costa-07b3976e4b9c430d82d1d68a16e27369?pvs=21)",4.52% min 1 USD,High risk,Both,"USD, EUR, USDT",USD/EUR/USDT 50.00,xe.com,2.00%,"T+7 = EUR / USD
T+3 = USDT",USD 1.00,"1,000~100,000 (BNCR)
1,000~190,000 (cash)",,,Anna Ivanova,,Payments,,Included,1%,T+1,"DPS, GFI",no,,,1% + 50 USDT,,,,,